row_id,sheet,excel_row_number,sheet_zero_based_row_index,selection_position,primary_functional_group,all_matched_groups,solute_name,solute_inchi,temperature_kelvin,experimental_gsolv_kcal_mol,published_workbook_qmexp_h298_kcal_mol,published_workbook_qmexp_g298_kcal_mol,published_workbook_qmexp_gt_kcal_mol,solvent_pairs,solvent_names,input_cells,canonical_solute_smiles,canonical_solvent_components,cpu_prediction_kcal_mol,cpu_signed_error_kcal_mol,cpu_abs_error_kcal_mol,gpu_prediction_kcal_mol,gpu_signed_error_kcal_mol,gpu_abs_error_kcal_mol,gpu_minus_cpu_prediction_kcal_mol,abs_gpu_minus_cpu_prediction_kcal_mol,gpu_worsens_abs_error_exact,gpu_worsens_abs_error_over_5e12,max_abs_gpu_minus_cpu_model_kcal_mol,live_cpu_minus_workbook_qmexp_kcal_mol
From VLE - Ter Solv - no water!2,From VLE - Ter Solv - no water,2,0,0,,,55: Methylcyclopentane,"InChI=1S/C6H12/c1-6-4-2-3-5-6/h6H,2-5H2,1H3",332.55,-3.6051,-7.014478857919099,-3.767115297616468,-3.39244044779453,"[[""InChI=1S/C2H6O/c1-2-3/h3H,2H2,1H3"", 0.5574], [""InChI=1S/C6H6/c1-2-4-6-5-3-1/h1-6H"", 0.0855], [""InChI=1S/C6H14/c1-3-5-6-4-2/h3-6H2,1-2H3"", 0.3571]]","[""11: Ethanol"", ""31: Benzene"", ""89: Hexane""]","{""solute_inchi"": ""A2"", ""solute_name"": ""B2"", ""solvent1_inchi"": ""C2"", ""solvent1_name"": ""D2"", ""solvent2_inchi"": ""E2"", ""solvent2_name"": ""F2"", ""solvent3_inchi"": ""G2"", ""solvent3_name"": ""H2"", ""frac_solvent1"": ""I2"", ""frac_solvent2"": ""J2"", ""temperature_kelvin"": ""K2"", ""experimental_gsolv"": ""M2""}",CC1CCCC1,"[{""canonical_smiles"": ""CCCCCC"", ""mole_fraction"": 0.3571}, {""canonical_smiles"": ""CCO"", ""mole_fraction"": 0.5574}, {""canonical_smiles"": ""c1ccccc1"", ""mole_fraction"": 0.0855}]",-3.4172890264715647,0.18781097352843545,0.18781097352843545,-3.417289026471564,0.18781097352843634,0.18781097352843634,8.881784197001252e-16,8.881784197001252e-16,True,False,2.6645352591003757e-15,-0.024848578677034716
From VLE - Ter Solv - no water!35,From VLE - Ter Solv - no water,35,33,33,,,31: Benzene,InChI=1S/C6H6/c1-2-4-6-5-3-1/h1-6H,333.55,-3.8236,-7.316654526270435,-4.140325505462195,-3.763193030746073,"[[""InChI=1S/C2H6O/c1-2-3/h3H,2H2,1H3"", 0.1453], [""InChI=1S/C6H12/c1-6-4-2-3-5-6/h6H,2-5H2,1H3"", 0.2229], [""InChI=1S/C6H14/c1-3-5-6-4-2/h3-6H2,1-2H3"", 0.6318]]","[""11: Ethanol"", ""55: Methylcyclopentane"", ""89: Hexane""]","{""solute_inchi"": ""A35"", ""solute_name"": ""B35"", ""solvent1_inchi"": ""C35"", ""solvent1_name"": ""D35"", ""solvent2_inchi"": ""E35"", ""solvent2_name"": ""F35"", ""solvent3_inchi"": ""G35"", ""solvent3_name"": ""H35"", ""frac_solvent1"": ""I35"", ""frac_solvent2"": ""J35"", ""temperature_kelvin"": ""K35"", ""experimental_gsolv"": ""M35""}",c1ccccc1,"[{""canonical_smiles"": ""CC1CCCC1"", ""mole_fraction"": 0.2229}, {""canonical_smiles"": ""CCCCCC"", ""mole_fraction"": 0.6318}, {""canonical_smiles"": ""CCO"", ""mole_fraction"": 0.1453}]",-3.7112269819962362,0.11237301800376365,0.11237301800376365,-3.711226981996237,0.11237301800376276,0.11237301800376276,-8.881784197001252e-16,8.881784197001252e-16,False,False,3.1086244689504383e-15,0.05196604874983679
From VLE - Ter Solv - no water!69,From VLE - Ter Solv - no water,69,67,67,,,95: 2-Propanol,"InChI=1S/C3H8O/c1-3(2)4/h3-4H,1-2H3",333.95,-3.4541,-7.330337096173667,-3.6530440440703,-3.211497536388593,"[[""InChI=1S/C6H6/c1-2-4-6-5-3-1/h1-6H"", 0.6169], [""InChI=1S/C4H8O/c1-3-4(2)5/h3H2,1-2H3"", 0.1556], [""InChI=1S/C6H12/c1-2-4-6-5-3-1/h1-6H2"", 0.2275]]","[""31: Benzene"", ""40: 2-Butanone"", ""50: Cyclohexane""]","{""solute_inchi"": ""A69"", ""solute_name"": ""B69"", ""solvent1_inchi"": ""C69"", ""solvent1_name"": ""D69"", ""solvent2_inchi"": ""E69"", ""solvent2_name"": ""F69"", ""solvent3_inchi"": ""G69"", ""solvent3_name"": ""H69"", ""frac_solvent1"": ""I69"", ""frac_solvent2"": ""J69"", ""temperature_kelvin"": ""K69"", ""experimental_gsolv"": ""M69""}",CC(C)O,"[{""canonical_smiles"": ""C1CCCCC1"", ""mole_fraction"": 0.2275}, {""canonical_smiles"": ""CCC(C)=O"", ""mole_fraction"": 0.1556}, {""canonical_smiles"": ""c1ccccc1"", ""mole_fraction"": 0.6169}]",-3.3222584348959856,0.13184156510401435,0.13184156510401435,-3.3222584348959847,0.13184156510401523,0.13184156510401523,8.881784197001252e-16,8.881784197001252e-16,True,False,3.1086244689504383e-15,-0.11076089850739246
From VLE - Ter Solv - no water!103,From VLE - Ter Solv - no water,103,101,101,,,50: Cyclohexane,InChI=1S/C6H12/c1-2-4-6-5-3-1/h1-6H2,344.15,-3.7253,-6.785866636151303,-3.899821800843528,-3.454549077636559,"[[""InChI=1S/C6H6/c1-2-4-6-5-3-1/h1-6H"", 0.5619], [""InChI=1S/C4H8O/c1-3-4(2)5/h3H2,1-2H3"", 0.0822], [""InChI=1S/C3H8O/c1-3(2)4/h3-4H,1-2H3"", 0.35590000000000005]]","[""31: Benzene"", ""40: 2-Butanone"", ""95: 2-Propanol""]","{""solute_inchi"": ""A103"", ""solute_name"": ""B103"", ""solvent1_inchi"": ""C103"", ""solvent1_name"": ""D103"", ""solvent2_inchi"": ""E103"", ""solvent2_name"": ""F103"", ""solvent3_inchi"": ""G103"", ""solvent3_name"": ""H103"", ""frac_solvent1"": ""I103"", ""frac_solvent2"": ""J103"", ""temperature_kelvin"": ""K103"", ""experimental_gsolv"": ""M103""}",C1CCCCC1,"[{""canonical_smiles"": ""CC(C)O"", ""mole_fraction"": 0.35590000000000005}, {""canonical_smiles"": ""CCC(C)=O"", ""mole_fraction"": 0.0822}, {""canonical_smiles"": ""c1ccccc1"", ""mole_fraction"": 0.5619}]",-3.47845836330726,0.24684163669273973,0.24684163669273973,-3.47845836330726,0.24684163669273973,0.24684163669273973,0.0,0.0,False,False,3.1086244689504383e-15,-0.023909285670701053
From VLE - Ter Solv - no water!137,From VLE - Ter Solv - no water,137,135,135,,,50: Cyclohexane,InChI=1S/C6H12/c1-2-4-6-5-3-1/h1-6H2,345.65,-3.5542,-6.652259439676482,-3.718321722474925,-3.250899144688328,"[[""InChI=1S/C6H6/c1-2-4-6-5-3-1/h1-6H"", 0.0828], [""InChI=1S/C4H8O/c1-3-4(2)5/h3H2,1-2H3"", 0.5839], [""InChI=1S/C3H8O/c1-3(2)4/h3-4H,1-2H3"", 0.33330000000000004]]","[""31: Benzene"", ""40: 2-Butanone"", ""95: 2-Propanol""]","{""solute_inchi"": ""A137"", ""solute_name"": ""B137"", ""solvent1_inchi"": ""C137"", ""solvent1_name"": ""D137"", ""solvent2_inchi"": ""E137"", ""solvent2_name"": ""F137"", ""solvent3_inchi"": ""G137"", ""solvent3_name"": ""H137"", ""frac_solvent1"": ""I137"", ""frac_solvent2"": ""J137"", ""temperature_kelvin"": ""K137"", ""experimental_gsolv"": ""M137""}",C1CCCCC1,"[{""canonical_smiles"": ""CC(C)O"", ""mole_fraction"": 0.33330000000000004}, {""canonical_smiles"": ""CCC(C)=O"", ""mole_fraction"": 0.5839}, {""canonical_smiles"": ""c1ccccc1"", ""mole_fraction"": 0.0828}]",-3.2832763463021655,0.27092365369783433,0.27092365369783433,-3.2832763463021664,0.27092365369783344,0.27092365369783344,-8.881784197001252e-16,8.881784197001252e-16,False,False,3.1086244689504383e-15,-0.0323772016138375
From VLE - Ter Solv - no water!171,From VLE - Ter Solv - no water,171,169,169,,,95: 2-Propanol,"InChI=1S/C3H8O/c1-3(2)4/h3-4H,1-2H3",343.55,-3.6448,-8.00962361607163,-3.851688640004173,-3.218550126123701,"[[""InChI=1S/C6H6/c1-2-4-6-5-3-1/h1-6H"", 0.2458], [""InChI=1S/C4H8O/c1-3-4(2)5/h3H2,1-2H3"", 0.2651], [""InChI=1S/C6H12/c1-2-4-6-5-3-1/h1-6H2"", 0.4891]]","[""31: Benzene"", ""40: 2-Butanone"", ""50: Cyclohexane""]","{""solute_inchi"": ""A171"", ""solute_name"": ""B171"", ""solvent1_inchi"": ""C171"", ""solvent1_name"": ""D171"", ""solvent2_inchi"": ""E171"", ""solvent2_name"": ""F171"", ""solvent3_inchi"": ""G171"", ""solvent3_name"": ""H171"", ""frac_solvent1"": ""I171"", ""frac_solvent2"": ""J171"", ""temperature_kelvin"": ""K171"", ""experimental_gsolv"": ""M171""}",CC(C)O,"[{""canonical_smiles"": ""C1CCCCC1"", ""mole_fraction"": 0.4891}, {""canonical_smiles"": ""CCC(C)=O"", ""mole_fraction"": 0.2651}, {""canonical_smiles"": ""c1ccccc1"", ""mole_fraction"": 0.2458}]",-3.2388971383846554,0.4059028616153446,0.4059028616153446,-3.2388971383846554,0.4059028616153446,0.4059028616153446,0.0,0.0,False,False,3.9968028886505635e-15,-0.02034701226095459
From VLE - Ter Solv - no water!205,From VLE - Ter Solv - no water,205,203,203,,,47: Chloroform,InChI=1S/CHCl3/c2-1(3)4/h1H,328.15,-3.6213,-7.481177591116399,-4.060143839369485,-3.715917736560806,"[[""InChI=1S/C3H6O/c1-3(2)4/h1-2H3"", 0.1111], [""InChI=1S/C2H6O/c1-2-3/h3H,2H2,1H3"", 0.1111], [""InChI=1S/C6H14/c1-3-5-6-4-2/h3-6H2,1-2H3"", 0.7778]]","[""4: Acetone"", ""11: Ethanol"", ""89: Hexane""]","{""solute_inchi"": ""A205"", ""solute_name"": ""B205"", ""solvent1_inchi"": ""C205"", ""solvent1_name"": ""D205"", ""solvent2_inchi"": ""E205"", ""solvent2_name"": ""F205"", ""solvent3_inchi"": ""G205"", ""solvent3_name"": ""H205"", ""frac_solvent1"": ""I205"", ""frac_solvent2"": ""J205"", ""temperature_kelvin"": ""K205"", ""experimental_gsolv"": ""M205""}",ClC(Cl)Cl,"[{""canonical_smiles"": ""CC(C)=O"", ""mole_fraction"": 0.1111}, {""canonical_smiles"": ""CCCCCC"", ""mole_fraction"": 0.7778}, {""canonical_smiles"": ""CCO"", ""mole_fraction"": 0.1111}]",-3.6958054269727922,-0.07450542697279205,0.07450542697279205,-3.695805426972793,-0.07450542697279294,0.07450542697279294,-8.881784197001252e-16,8.881784197001252e-16,True,False,1.3322676295501878e-15,0.020112309588013577
From VLE - Ter Solv - no water!239,From VLE - Ter Solv - no water,239,237,237,,,4: Acetone,InChI=1S/C3H6O/c1-3(2)4/h1-2H3,328.15,-3.5254,-7.299407048450393,-3.779947030965805,-3.425817228770476,"[[""InChI=1S/C2H6O/c1-2-3/h3H,2H2,1H3"", 0.1111], [""InChI=1S/CHCl3/c2-1(3)4/h1H"", 0.3333], [""InChI=1S/C6H14/c1-3-5-6-4-2/h3-6H2,1-2H3"", 0.5556000000000001]]","[""11: Ethanol"", ""47: Chloroform"", ""89: Hexane""]","{""solute_inchi"": ""A239"", ""solute_name"": ""B239"", ""solvent1_inchi"": ""C239"", ""solvent1_name"": ""D239"", ""solvent2_inchi"": ""E239"", ""solvent2_name"": ""F239"", ""solvent3_inchi"": ""G239"", ""solvent3_name"": ""H239"", ""frac_solvent1"": ""I239"", ""frac_solvent2"": ""J239"", ""temperature_kelvin"": ""K239"", ""experimental_gsolv"": ""M239""}",CC(C)=O,"[{""canonical_smiles"": ""CCCCCC"", ""mole_fraction"": 0.5556000000000001}, {""canonical_smiles"": ""CCO"", ""mole_fraction"": 0.1111}, {""canonical_smiles"": ""ClC(Cl)Cl"", ""mole_fraction"": 0.3333}]",-3.4877238540791824,0.03767614592081747,0.03767614592081747,-3.4877238540791815,0.03767614592081836,0.03767614592081836,8.881784197001252e-16,8.881784197001252e-16,True,False,2.6645352591003757e-15,-0.06190662530870661
From VLE - Ter Solv - no water!273,From VLE - Ter Solv - no water,273,271,271,,,4: Acetone,InChI=1S/C3H6O/c1-3(2)4/h1-2H3,328.15,-3.349,-6.68190042861274,-3.696147750886746,-3.395719844357214,"[[""InChI=1S/C2H6O/c1-2-3/h3H,2H2,1H3"", 0.2222], [""InChI=1S/CHCl3/c2-1(3)4/h1H"", 0.1111], [""InChI=1S/C6H14/c1-3-5-6-4-2/h3-6H2,1-2H3"", 0.6667000000000001]]","[""11: Ethanol"", ""47: Chloroform"", ""89: Hexane""]","{""solute_inchi"": ""A273"", ""solute_name"": ""B273"", ""solvent1_inchi"": ""C273"", ""solvent1_name"": ""D273"", ""solvent2_inchi"": ""E273"", ""solvent2_name"": ""F273"", ""solvent3_inchi"": ""G273"", ""solvent3_name"": ""H273"", ""frac_solvent1"": ""I273"", ""frac_solvent2"": ""J273"", ""temperature_kelvin"": ""K273"", ""experimental_gsolv"": ""M273""}",CC(C)=O,"[{""canonical_smiles"": ""CCCCCC"", ""mole_fraction"": 0.6667000000000001}, {""canonical_smiles"": ""CCO"", ""mole_fraction"": 0.2222}, {""canonical_smiles"": ""ClC(Cl)Cl"", ""mole_fraction"": 0.1111}]",-3.4123820729559036,-0.06338207295590337,0.06338207295590337,-3.4123820729559036,-0.06338207295590337,0.06338207295590337,0.0,0.0,False,False,2.220446049250313e-15,-0.016662228598689488
From VLE - Ter Solv - no water!307,From VLE - Ter Solv - no water,307,305,305,,,11: Ethanol,"InChI=1S/C2H6O/c1-2-3/h3H,2H2,1H3",328.15,-3.9759,-8.54395373555921,-4.27371544717829,-3.84404196520134,"[[""InChI=1S/C3H6O/c1-3(2)4/h1-2H3"", 0.5], [""InChI=1S/CHCl3/c2-1(3)4/h1H"", 0.375], [""InChI=1S/C6H14/c1-3-5-6-4-2/h3-6H2,1-2H3"", 0.125]]","[""4: Acetone"", ""47: Chloroform"", ""89: Hexane""]","{""solute_inchi"": ""A307"", ""solute_name"": ""B307"", ""solvent1_inchi"": ""C307"", ""solvent1_name"": ""D307"", ""solvent2_inchi"": ""E307"", ""solvent2_name"": ""F307"", ""solvent3_inchi"": ""G307"", ""solvent3_name"": ""H307"", ""frac_solvent1"": ""I307"", ""frac_solvent2"": ""J307"", ""temperature_kelvin"": ""K307"", ""experimental_gsolv"": ""M307""}",CCO,"[{""canonical_smiles"": ""CC(C)=O"", ""mole_fraction"": 0.5}, {""canonical_smiles"": ""CCCCCC"", ""mole_fraction"": 0.125}, {""canonical_smiles"": ""ClC(Cl)Cl"", ""mole_fraction"": 0.375}]",-3.8281054327462556,0.14779456725374462,0.14779456725374462,-3.8281054327462556,0.14779456725374462,0.14779456725374462,0.0,0.0,False,False,2.6645352591003757e-15,0.015936532455084418
From VLE - Ter Solv - no water!341,From VLE - Ter Solv - no water,341,339,339,,,89: Hexane,"InChI=1S/C6H14/c1-3-5-6-4-2/h3-6H2,1-2H3",328.15,-3.3746,-6.104080216529789,-3.395955301874494,-3.123462437746844,"[[""InChI=1S/C3H6O/c1-3(2)4/h1-2H3"", 0.4444], [""InChI=1S/C2H6O/c1-2-3/h3H,2H2,1H3"", 0.3333], [""InChI=1S/CHCl3/c2-1(3)4/h1H"", 0.2223]]","[""4: Acetone"", ""11: Ethanol"", ""47: Chloroform""]","{""solute_inchi"": ""A341"", ""solute_name"": ""B341"", ""solvent1_inchi"": ""C341"", ""solvent1_name"": ""D341"", ""solvent2_inchi"": ""E341"", ""solvent2_name"": ""F341"", ""solvent3_inchi"": ""G341"", ""solvent3_name"": ""H341"", ""frac_solvent1"": ""I341"", ""frac_solvent2"": ""J341"", ""temperature_kelvin"": ""K341"", ""experimental_gsolv"": ""M341""}",CCCCCC,"[{""canonical_smiles"": ""CC(C)=O"", ""mole_fraction"": 0.4444}, {""canonical_smiles"": ""CCO"", ""mole_fraction"": 0.3333}, {""canonical_smiles"": ""ClC(Cl)Cl"", ""mole_fraction"": 0.2223}]",-3.1009568957859357,0.27364310421406435,0.27364310421406435,-3.1009568957859366,0.27364310421406346,0.27364310421406346,-8.881784197001252e-16,8.881784197001252e-16,False,False,3.552713678800501e-15,0.02250554196090837
From VLE - Ter Solv - no water!375,From VLE - Ter Solv - no water,375,373,373,,,47: Chloroform,InChI=1S/CHCl3/c2-1(3)4/h1H,328.15,-3.9496,-8.094299972105379,-4.304837610063415,-3.923540038836653,"[[""InChI=1S/C3H6O/c1-3(2)4/h1-2H3"", 0.2222], [""InChI=1S/C2H6O/c1-2-3/h3H,2H2,1H3"", 0.5556], [""InChI=1S/C6H14/c1-3-5-6-4-2/h3-6H2,1-2H3"", 0.22220000000000006]]","[""4: Acetone"", ""11: Ethanol"", ""89: Hexane""]","{""solute_inchi"": ""A375"", ""solute_name"": ""B375"", ""solvent1_inchi"": ""C375"", ""solvent1_name"": ""D375"", ""solvent2_inchi"": ""E375"", ""solvent2_name"": ""F375"", ""solvent3_inchi"": ""G375"", ""solvent3_name"": ""H375"", ""frac_solvent1"": ""I375"", ""frac_solvent2"": ""J375"", ""temperature_kelvin"": ""K375"", ""experimental_gsolv"": ""M375""}",ClC(Cl)Cl,"[{""canonical_smiles"": ""CC(C)=O"", ""mole_fraction"": 0.2222}, {""canonical_smiles"": ""CCCCCC"", ""mole_fraction"": 0.22220000000000006}, {""canonical_smiles"": ""CCO"", ""mole_fraction"": 0.5556}]",-3.821092932134545,0.1285070678654554,0.1285070678654554,-3.821092932134545,0.1285070678654554,0.1285070678654554,0.0,0.0,False,False,1.7763568394002505e-15,0.10244710670210821
From VLE - Ter Solv - no water!409,From VLE - Ter Solv - no water,409,407,407,,,140: 1-Propanol,"InChI=1S/C3H8O/c1-2-3-4/h4H,2-3H2,1H3",342.45,-4.2248,-9.227824309567769,-4.762355361434996,-4.09886290997673,"[[""InChI=1S/C3H6O/c1-3(2)4/h1-2H3"", 0.4538], [""InChI=1S/C2H4Cl2/c3-1-2-4/h1-2H2"", 0.3938], [""InChI=1S/C7H8/c1-7-5-3-2-4-6-7/h2-6H,1H3"", 0.15240000000000004]]","[""4: Acetone"", ""68: 1,2-Dichloroethane"", ""161: Toluene""]","{""solute_inchi"": ""A409"", ""solute_name"": ""B409"", ""solvent1_inchi"": ""C409"", ""solvent1_name"": ""D409"", ""solvent2_inchi"": ""E409"", ""solvent2_name"": ""F409"", ""solvent3_inchi"": ""G409"", ""solvent3_name"": ""H409"", ""frac_solvent1"": ""I409"", ""frac_solvent2"": ""J409"", ""temperature_kelvin"": ""K409"", ""experimental_gsolv"": ""M409""}",CCCO,"[{""canonical_smiles"": ""CC(C)=O"", ""mole_fraction"": 0.4538}, {""canonical_smiles"": ""Cc1ccccc1"", ""mole_fraction"": 0.15240000000000004}, {""canonical_smiles"": ""ClCCCl"", ""mole_fraction"": 0.3938}]",-4.040103458687411,0.18469654131258917,0.18469654131258917,-4.040103458687412,0.18469654131258828,0.18469654131258828,-8.881784197001252e-16,8.881784197001252e-16,False,False,2.220446049250313e-15,0.05875945128931903
From VLE - Ter Solv - no water!443,From VLE - Ter Solv - no water,443,441,441,,,55: Methylcyclopentane,"InChI=1S/C6H12/c1-6-4-2-3-5-6/h6H,2-5H2,1H3",334.35,-3.4458,-6.803584010127409,-3.546026486608393,-3.150508853365432,"[[""InChI=1S/C2H6O/c1-2-3/h3H,2H2,1H3"", 0.7399], [""InChI=1S/C6H6/c1-2-4-6-5-3-1/h1-6H"", 0.1224], [""InChI=1S/C6H14/c1-3-5-6-4-2/h3-6H2,1-2H3"", 0.1377]]","[""11: Ethanol"", ""31: Benzene"", ""89: Hexane""]","{""solute_inchi"": ""A443"", ""solute_name"": ""B443"", ""solvent1_inchi"": ""C443"", ""solvent1_name"": ""D443"", ""solvent2_inchi"": ""E443"", ""solvent2_name"": ""F443"", ""solvent3_inchi"": ""G443"", ""solvent3_name"": ""H443"", ""frac_solvent1"": ""I443"", ""frac_solvent2"": ""J443"", ""temperature_kelvin"": ""K443"", ""experimental_gsolv"": ""M443""}",CC1CCCC1,"[{""canonical_smiles"": ""CCCCCC"", ""mole_fraction"": 0.1377}, {""canonical_smiles"": ""CCO"", ""mole_fraction"": 0.7399}, {""canonical_smiles"": ""c1ccccc1"", ""mole_fraction"": 0.1224}]",-3.1805001134069757,0.2652998865930245,0.2652998865930245,-3.1805001134069766,0.2652998865930236,0.2652998865930236,-8.881784197001252e-16,8.881784197001252e-16,False,False,3.552713678800501e-15,-0.029991260041543732
From VLE - Ter Solv - no water!477,From VLE - Ter Solv - no water,477,475,475,,,173: Vinyl acetate,"InChI=1S/C4H6O2/c1-3-6-4(2)5/h3H,1H2,2H3",333.15,-4.0666,-8.052018448384183,-4.394678814047375,-3.96534161062028,"[[""InChI=1S/C3H6O/c1-3(2)4/h1-2H3"", 0.6444], [""InChI=1S/C2H4O2/c1-2(3)4/h1H3,(H,3,4)"", 0.1085], [""InChI=1S/C4H6O/c1-2-3-4-5/h2-4H,1H3/b3-2+"", 0.24710000000000004]]","[""4: Acetone"", ""84: Acetic acid"", ""309: Crotonaldehyde""]","{""solute_inchi"": ""A477"", ""solute_name"": ""B477"", ""solvent1_inchi"": ""C477"", ""solvent1_name"": ""D477"", ""solvent2_inchi"": ""E477"", ""solvent2_name"": ""F477"", ""solvent3_inchi"": ""G477"", ""solvent3_name"": ""H477"", ""frac_solvent1"": ""I477"", ""frac_solvent2"": ""J477"", ""temperature_kelvin"": ""K477"", ""experimental_gsolv"": ""M477""}",C=COC(C)=O,"[{""canonical_smiles"": ""C/C=C/C=O"", ""mole_fraction"": 0.24710000000000004}, {""canonical_smiles"": ""CC(=O)O"", ""mole_fraction"": 0.1085}, {""canonical_smiles"": ""CC(C)=O"", ""mole_fraction"": 0.6444}]",-3.9253286925152153,0.1412713074847849,0.1412713074847849,-3.925328692515216,0.141271307484784,0.141271307484784,-8.881784197001252e-16,8.881784197001252e-16,False,False,2.6645352591003757e-15,0.0400129181050648
From VLE - Ter Solv - no water!511,From VLE - Ter Solv - no water,511,509,509,,,84: Acetic acid,"InChI=1S/C2H4O2/c1-2(3)4/h1H3,(H,3,4)",333.15,-5.5232,-12.19995496467098,-6.241331303995585,-5.54184504498623,"[[""InChI=1S/C3H6O/c1-3(2)4/h1-2H3"", 0.7418], [""InChI=1S/C4H6O2/c1-3-6-4(2)5/h3H,1H2,2H3"", 0.1749], [""InChI=1S/C4H6O/c1-2-3-4-5/h2-4H,1H3/b3-2+"", 0.08329999999999999]]","[""4: Acetone"", ""173: Vinyl acetate"", ""309: Crotonaldehyde""]","{""solute_inchi"": ""A511"", ""solute_name"": ""B511"", ""solvent1_inchi"": ""C511"", ""solvent1_name"": ""D511"", ""solvent2_inchi"": ""E511"", ""solvent2_name"": ""F511"", ""solvent3_inchi"": ""G511"", ""solvent3_name"": ""H511"", ""frac_solvent1"": ""I511"", ""frac_solvent2"": ""J511"", ""temperature_kelvin"": ""K511"", ""experimental_gsolv"": ""M511""}",CC(=O)O,"[{""canonical_smiles"": ""C/C=C/C=O"", ""mole_fraction"": 0.08329999999999999}, {""canonical_smiles"": ""C=COC(C)=O"", ""mole_fraction"": 0.1749}, {""canonical_smiles"": ""CC(C)=O"", ""mole_fraction"": 0.7418}]",-5.928924208014553,-0.40572420801455333,0.40572420801455333,-5.9289242080145526,-0.40572420801455245,0.40572420801455245,8.881784197001252e-16,8.881784197001252e-16,False,False,2.6645352591003757e-15,-0.38707916302832324
From VLE - Ter Solv - no water!545,From VLE - Ter Solv - no water,545,543,543,,,309: Crotonaldehyde,"InChI=1S/C4H6O/c1-2-3-4-5/h2-4H,1H3/b3-2+",333.15,-4.4925,-8.706973747004106,-5.093749692318257,-4.669591242162279,"[[""InChI=1S/C3H6O/c1-3(2)4/h1-2H3"", 0.9355], [""InChI=1S/C2H4O2/c1-2(3)4/h1H3,(H,3,4)"", 0.0322], [""InChI=1S/C4H6O2/c1-3-6-4(2)5/h3H,1H2,2H3"", 0.0323]]","[""4: Acetone"", ""84: Acetic acid"", ""173: Vinyl acetate""]","{""solute_inchi"": ""A545"", ""solute_name"": ""B545"", ""solvent1_inchi"": ""C545"", ""solvent1_name"": ""D545"", ""solvent2_inchi"": ""E545"", ""solvent2_name"": ""F545"", ""solvent3_inchi"": ""G545"", ""solvent3_name"": ""H545"", ""frac_solvent1"": ""I545"", ""frac_solvent2"": ""J545"", ""temperature_kelvin"": ""K545"", ""experimental_gsolv"": ""M545""}",C/C=C/C=O,"[{""canonical_smiles"": ""C=COC(C)=O"", ""mole_fraction"": 0.0323}, {""canonical_smiles"": ""CC(=O)O"", ""mole_fraction"": 0.0322}, {""canonical_smiles"": ""CC(C)=O"", ""mole_fraction"": 0.9355}]",-4.737988487947527,-0.24548848794752764,0.24548848794752764,-4.737988487947527,-0.24548848794752764,0.24548848794752764,0.0,0.0,False,False,3.552713678800501e-15,-0.0683972457852482
From VLE - Ter Solv - no water!579,From VLE - Ter Solv - no water,579,577,577,,,173: Vinyl acetate,"InChI=1S/C4H6O2/c1-3-6-4(2)5/h3H,1H2,2H3",333.15,-3.9882,-8.029691564784013,-4.383993343197426,-3.956022731909381,"[[""InChI=1S/C3H6O/c1-3(2)4/h1-2H3"", 0.1882], [""InChI=1S/C2H4O2/c1-2(3)4/h1H3,(H,3,4)"", 0.1622], [""InChI=1S/C4H6O/c1-2-3-4-5/h2-4H,1H3/b3-2+"", 0.6496]]","[""4: Acetone"", ""84: Acetic acid"", ""309: Crotonaldehyde""]","{""solute_inchi"": ""A579"", ""solute_name"": ""B579"", ""solvent1_inchi"": ""C579"", ""solvent1_name"": ""D579"", ""solvent2_inchi"": ""E579"", ""solvent2_name"": ""F579"", ""solvent3_inchi"": ""G579"", ""solvent3_name"": ""H579"", ""frac_solvent1"": ""I579"", ""frac_solvent2"": ""J579"", ""temperature_kelvin"": ""K579"", ""experimental_gsolv"": ""M579""}",C=COC(C)=O,"[{""canonical_smiles"": ""C/C=C/C=O"", ""mole_fraction"": 0.6496}, {""canonical_smiles"": ""CC(=O)O"", ""mole_fraction"": 0.1622}, {""canonical_smiles"": ""CC(C)=O"", ""mole_fraction"": 0.1882}]",-3.932293979070888,0.05590602092911201,0.05590602092911201,-3.932293979070888,0.05590602092911201,0.05590602092911201,0.0,0.0,False,False,2.220446049250313e-15,0.023728752838493072
From VLE - Ter Solv - no water!613,From VLE - Ter Solv - no water,613,611,611,,,173: Vinyl acetate,"InChI=1S/C4H6O2/c1-3-6-4(2)5/h3H,1H2,2H3",333.15,-3.9162,-8.081396677516123,-4.414030604331052,-3.983516391480213,"[[""InChI=1S/C3H6O/c1-3(2)4/h1-2H3"", 0.8348], [""InChI=1S/C2H4O2/c1-2(3)4/h1H3,(H,3,4)"", 0.0711], [""InChI=1S/C4H6O/c1-2-3-4-5/h2-4H,1H3/b3-2+"", 0.09410000000000002]]","[""4: Acetone"", ""84: Acetic acid"", ""309: Crotonaldehyde""]","{""solute_inchi"": ""A613"", ""solute_name"": ""B613"", ""solvent1_inchi"": ""C613"", ""solvent1_name"": ""D613"", ""solvent2_inchi"": ""E613"", ""solvent2_name"": ""F613"", ""solvent3_inchi"": ""G613"", ""solvent3_name"": ""H613"", ""frac_solvent1"": ""I613"", ""frac_solvent2"": ""J613"", ""temperature_kelvin"": ""K613"", ""experimental_gsolv"": ""M613""}",C=COC(C)=O,"[{""canonical_smiles"": ""C/C=C/C=O"", ""mole_fraction"": 0.09410000000000002}, {""canonical_smiles"": ""CC(=O)O"", ""mole_fraction"": 0.0711}, {""canonical_smiles"": ""CC(C)=O"", ""mole_fraction"": 0.8348}]",-3.94019795215518,-0.02399795215518008,0.02399795215518008,-3.9401979521551795,-0.023997952155179636,0.023997952155179636,4.440892098500626e-16,4.440892098500626e-16,False,False,2.220446049250313e-15,0.04331843932503299
From VLE - Ter Solv - no water!647,From VLE - Ter Solv - no water,647,645,645,,,89: Hexane,"InChI=1S/C6H14/c1-3-5-6-4-2/h3-6H2,1-2H3",318.75,-3.7423,-7.243765082778227,-3.871100096783282,-3.63807343667429,"[[""InChI=1S/CH4O/c1-2/h2H,1H3"", 0.3534], [""InChI=1S/C6H14/c1-4-5-6(2)3/h6H,4-5H2,1-3H3"", 0.4464], [""InChI=1S/C6H14/c1-4-6(3)5-2/h6H,4-5H2,1-3H3"", 0.20020000000000004]]","[""110: Methanol"", ""111: 2-Methylpentane"", ""112: 3-Methylpentane""]","{""solute_inchi"": ""A647"", ""solute_name"": ""B647"", ""solvent1_inchi"": ""C647"", ""solvent1_name"": ""D647"", ""solvent2_inchi"": ""E647"", ""solvent2_name"": ""F647"", ""solvent3_inchi"": ""G647"", ""solvent3_name"": ""H647"", ""frac_solvent1"": ""I647"", ""frac_solvent2"": ""J647"", ""temperature_kelvin"": ""K647"", ""experimental_gsolv"": ""M647""}",CCCCCC,"[{""canonical_smiles"": ""CCC(C)CC"", ""mole_fraction"": 0.20020000000000004}, {""canonical_smiles"": ""CCCC(C)C"", ""mole_fraction"": 0.4464}, {""canonical_smiles"": ""CO"", ""mole_fraction"": 0.3534}]",-3.6894492675766,0.05285073242339999,0.05285073242339999,-3.6894492675765997,0.05285073242340044,0.05285073242340044,4.440892098500626e-16,4.440892098500626e-16,True,False,2.6645352591003757e-15,-0.05137583090231024
From VLE - Ter Solv - no water!681,From VLE - Ter Solv - no water,681,679,679,,,229: Acrolein,"InChI=1S/C3H4O/c1-2-3-4/h2-3H,1H2",318.05,-4.4861,-7.359659323175976,-4.184349843821623,-3.97241404426049,"[[""InChI=1S/C2H3N/c1-2-3/h1H3"", 0.4396], [""InChI=1S/CHN/c1-2/h1H"", 0.3875], [""InChI=1S/C3H3N/c1-2-3-4/h2H,1H2"", 0.1729]]","[""3: Acetonitrile"", ""32: Hydrogen cyanide"", ""228: Acrylonitrile""]","{""solute_inchi"": ""A681"", ""solute_name"": ""B681"", ""solvent1_inchi"": ""C681"", ""solvent1_name"": ""D681"", ""solvent2_inchi"": ""E681"", ""solvent2_name"": ""F681"", ""solvent3_inchi"": ""G681"", ""solvent3_name"": ""H681"", ""frac_solvent1"": ""I681"", ""frac_solvent2"": ""J681"", ""temperature_kelvin"": ""K681"", ""experimental_gsolv"": ""M681""}",C=CC=O,"[{""canonical_smiles"": ""C#N"", ""mole_fraction"": 0.3875}, {""canonical_smiles"": ""C=CC#N"", ""mole_fraction"": 0.1729}, {""canonical_smiles"": ""CC#N"", ""mole_fraction"": 0.4396}]",-4.034893842739523,0.4512061572604775,0.4512061572604775,-4.034893842739524,0.45120615726047664,0.45120615726047664,-8.881784197001252e-16,8.881784197001252e-16,False,False,2.6645352591003757e-15,-0.062479798479032844
From VLE - Ter Solv - no water!715,From VLE - Ter Solv - no water,715,713,713,,,3: Acetonitrile,InChI=1S/C2H3N/c1-2-3/h1H3,328.15,-4.4345,-8.422200856142585,-4.771004057417064,-4.403618835341713,"[[""InChI=1S/CHN/c1-2/h1H"", 0.0537], [""InChI=1S/C3H3N/c1-2-3-4/h2H,1H2"", 0.9195], [""InChI=1S/C3H4O/c1-2-3-4/h2-3H,1H2"", 0.026800000000000046]]","[""32: Hydrogen cyanide"", ""228: Acrylonitrile"", ""229: Acrolein""]","{""solute_inchi"": ""A715"", ""solute_name"": ""B715"", ""solvent1_inchi"": ""C715"", ""solvent1_name"": ""D715"", ""solvent2_inchi"": ""E715"", ""solvent2_name"": ""F715"", ""solvent3_inchi"": ""G715"", ""solvent3_name"": ""H715"", ""frac_solvent1"": ""I715"", ""frac_solvent2"": ""J715"", ""temperature_kelvin"": ""K715"", ""experimental_gsolv"": ""M715""}",CC#N,"[{""canonical_smiles"": ""C#N"", ""mole_fraction"": 0.0537}, {""canonical_smiles"": ""C=CC#N"", ""mole_fraction"": 0.9195}, {""canonical_smiles"": ""C=CC=O"", ""mole_fraction"": 0.026800000000000046}]",-4.391584068032778,0.04291593196722232,0.04291593196722232,-4.391584068032778,0.04291593196722232,0.04291593196722232,0.0,0.0,False,False,1.7763568394002505e-15,0.012034767308935379
From VLE - Ter Solv - no water!749,From VLE - Ter Solv - no water,749,747,747,,,110: Methanol,"InChI=1S/CH4O/c1-2/h2H,1H3",337.05,-3.7621,-8.628983018612754,-4.359151640994737,-3.802061449516149,"[[""InChI=1S/C3H6O/c1-3(2)4/h1-2H3"", 0.2137], [""InChI=1S/C2H6O/c1-2-3/h3H,2H2,1H3"", 0.5128], [""InChI=1S/CHCl3/c2-1(3)4/h1H"", 0.27349999999999997]]","[""4: Acetone"", ""11: Ethanol"", ""47: Chloroform""]","{""solute_inchi"": ""A749"", ""solute_name"": ""B749"", ""solvent1_inchi"": ""C749"", ""solvent1_name"": ""D749"", ""solvent2_inchi"": ""E749"", ""solvent2_name"": ""F749"", ""solvent3_inchi"": ""G749"", ""solvent3_name"": ""H749"", ""frac_solvent1"": ""I749"", ""frac_solvent2"": ""J749"", ""temperature_kelvin"": ""K749"", ""experimental_gsolv"": ""M749""}",CO,"[{""canonical_smiles"": ""CC(C)=O"", ""mole_fraction"": 0.2137}, {""canonical_smiles"": ""CCO"", ""mole_fraction"": 0.5128}, {""canonical_smiles"": ""ClC(Cl)Cl"", ""mole_fraction"": 0.27349999999999997}]",-3.8786534948622426,-0.11655349486224242,0.11655349486224242,-3.8786534948622426,-0.11655349486224242,0.11655349486224242,0.0,0.0,False,False,3.552713678800501e-15,-0.07659204534609376
From VLE - Ter Solv - no water!783,From VLE - Ter Solv - no water,783,781,781,,,4: Acetone,InChI=1S/C3H6O/c1-3(2)4/h1-2H3,332.51,-4.0742,-7.794438399266886,-4.532249519136978,-4.156301808517278,"[[""InChI=1S/C2H6O/c1-2-3/h3H,2H2,1H3"", 0.2], [""InChI=1S/CHCl3/c2-1(3)4/h1H"", 0.48], [""InChI=1S/CH4O/c1-2/h2H,1H3"", 0.32000000000000006]]","[""11: Ethanol"", ""47: Chloroform"", ""110: Methanol""]","{""solute_inchi"": ""A783"", ""solute_name"": ""B783"", ""solvent1_inchi"": ""C783"", ""solvent1_name"": ""D783"", ""solvent2_inchi"": ""E783"", ""solvent2_name"": ""F783"", ""solvent3_inchi"": ""G783"", ""solvent3_name"": ""H783"", ""frac_solvent1"": ""I783"", ""frac_solvent2"": ""J783"", ""temperature_kelvin"": ""K783"", ""experimental_gsolv"": ""M783""}",CC(C)=O,"[{""canonical_smiles"": ""CCO"", ""mole_fraction"": 0.2}, {""canonical_smiles"": ""CO"", ""mole_fraction"": 0.32000000000000006}, {""canonical_smiles"": ""ClC(Cl)Cl"", ""mole_fraction"": 0.48}]",-4.165719759382407,-0.09151975938240664,0.09151975938240664,-4.165719759382407,-0.09151975938240664,0.09151975938240664,0.0,0.0,False,False,2.6645352591003757e-15,-0.009417950865128866
From VLE - Ter Solv - no water!817,From VLE - Ter Solv - no water,817,815,815,,,110: Methanol,"InChI=1S/CH4O/c1-2/h2H,1H3",331.15,-3.8344,-8.232634783371715,-4.13144204546497,-3.677511606588825,"[[""InChI=1S/C3H6O/c1-3(2)4/h1-2H3"", 0.8403], [""InChI=1S/C2H6O/c1-2-3/h3H,2H2,1H3"", 0.084], [""InChI=1S/CHCl3/c2-1(3)4/h1H"", 0.07569999999999995]]","[""4: Acetone"", ""11: Ethanol"", ""47: Chloroform""]","{""solute_inchi"": ""A817"", ""solute_name"": ""B817"", ""solvent1_inchi"": ""C817"", ""solvent1_name"": ""D817"", ""solvent2_inchi"": ""E817"", ""solvent2_name"": ""F817"", ""solvent3_inchi"": ""G817"", ""solvent3_name"": ""H817"", ""frac_solvent1"": ""I817"", ""frac_solvent2"": ""J817"", ""temperature_kelvin"": ""K817"", ""experimental_gsolv"": ""M817""}",CO,"[{""canonical_smiles"": ""CC(C)=O"", ""mole_fraction"": 0.8403}, {""canonical_smiles"": ""CCO"", ""mole_fraction"": 0.084}, {""canonical_smiles"": ""ClC(Cl)Cl"", ""mole_fraction"": 0.07569999999999995}]",-3.719992509135662,0.11440749086433799,0.11440749086433799,-3.719992509135662,0.11440749086433799,0.11440749086433799,0.0,0.0,False,False,3.1086244689504383e-15,-0.04248090254683712
From VLE - Ter Solv - no water!851,From VLE - Ter Solv - no water,851,849,849,,,110: Methanol,"InChI=1S/CH4O/c1-2/h2H,1H3",332.63,-3.8604,-8.43977992884138,-4.273564562523968,-3.791756392708022,"[[""InChI=1S/C3H6O/c1-3(2)4/h1-2H3"", 0.6637], [""InChI=1S/C2H6O/c1-2-3/h3H,2H2,1H3"", 0.2655], [""InChI=1S/CHCl3/c2-1(3)4/h1H"", 0.07080000000000003]]","[""4: Acetone"", ""11: Ethanol"", ""47: Chloroform""]","{""solute_inchi"": ""A851"", ""solute_name"": ""B851"", ""solvent1_inchi"": ""C851"", ""solvent1_name"": ""D851"", ""solvent2_inchi"": ""E851"", ""solvent2_name"": ""F851"", ""solvent3_inchi"": ""G851"", ""solvent3_name"": ""H851"", ""frac_solvent1"": ""I851"", ""frac_solvent2"": ""J851"", ""temperature_kelvin"": ""K851"", ""experimental_gsolv"": ""M851""}",CO,"[{""canonical_smiles"": ""CC(C)=O"", ""mole_fraction"": 0.6637}, {""canonical_smiles"": ""CCO"", ""mole_fraction"": 0.2655}, {""canonical_smiles"": ""ClC(Cl)Cl"", ""mole_fraction"": 0.07080000000000003}]",-3.8778020236205046,-0.017402023620504803,0.017402023620504803,-3.8778020236205037,-0.017402023620503915,0.017402023620503915,8.881784197001252e-16,8.881784197001252e-16,False,False,3.552713678800501e-15,-0.08604563091248263
From VLE - Ter Solv - no water!885,From VLE - Ter Solv - no water,885,883,883,,,47: Chloroform,InChI=1S/CHCl3/c2-1(3)4/h1H,331.65,-4.136,-8.24268811233319,-4.46997493374518,-4.046074576600459,"[[""InChI=1S/C3H6O/c1-3(2)4/h1-2H3"", 0.6303], [""InChI=1S/C2H6O/c1-2-3/h3H,2H2,1H3"", 0.1681], [""InChI=1S/CH4O/c1-2/h2H,1H3"", 0.20160000000000003]]","[""4: Acetone"", ""11: Ethanol"", ""110: Methanol""]","{""solute_inchi"": ""A885"", ""solute_name"": ""B885"", ""solvent1_inchi"": ""C885"", ""solvent1_name"": ""D885"", ""solvent2_inchi"": ""E885"", ""solvent2_name"": ""F885"", ""solvent3_inchi"": ""G885"", ""solvent3_name"": ""H885"", ""frac_solvent1"": ""I885"", ""frac_solvent2"": ""J885"", ""temperature_kelvin"": ""K885"", ""experimental_gsolv"": ""M885""}",ClC(Cl)Cl,"[{""canonical_smiles"": ""CC(C)=O"", ""mole_fraction"": 0.6303}, {""canonical_smiles"": ""CCO"", ""mole_fraction"": 0.1681}, {""canonical_smiles"": ""CO"", ""mole_fraction"": 0.20160000000000003}]",-3.904838770865863,0.23116122913413717,0.23116122913413717,-3.904838770865863,0.23116122913413717,0.23116122913413717,0.0,0.0,False,False,3.552713678800501e-15,0.14123580573459593
From VLE - Ter Solv - no water!919,From VLE - Ter Solv - no water,919,917,917,,,161: Toluene,"InChI=1S/C7H8/c1-7-5-3-2-4-6-7/h2-6H,1H3",330.15,-4.5629,-8.574004326848556,-4.859720978212089,-4.461072421591707,"[[""InChI=1S/C4H8O/c1-3-4(2)5/h3H2,1-2H3"", 0.2381], [""InChI=1S/C4H10O2/c1-2-6-4-3-5/h5H,2-4H2,1H3"", 0.4697], [""InChI=1S/C4H6O/c1-2-3-4-5/h2-4H,1H3/b3-2+"", 0.2922]]","[""40: 2-Butanone"", ""273: 2-Ethoxyethanol"", ""309: Crotonaldehyde""]","{""solute_inchi"": ""A919"", ""solute_name"": ""B919"", ""solvent1_inchi"": ""C919"", ""solvent1_name"": ""D919"", ""solvent2_inchi"": ""E919"", ""solvent2_name"": ""F919"", ""solvent3_inchi"": ""G919"", ""solvent3_name"": ""H919"", ""frac_solvent1"": ""I919"", ""frac_solvent2"": ""J919"", ""temperature_kelvin"": ""K919"", ""experimental_gsolv"": ""M919""}",Cc1ccccc1,"[{""canonical_smiles"": ""C/C=C/C=O"", ""mole_fraction"": 0.2922}, {""canonical_smiles"": ""CCC(C)=O"", ""mole_fraction"": 0.2381}, {""canonical_smiles"": ""CCOCCO"", ""mole_fraction"": 0.4697}]",-4.56747689737735,-0.004576897377350342,0.004576897377350342,-4.567476897377349,-0.004576897377349454,0.004576897377349454,8.881784197001252e-16,8.881784197001252e-16,False,False,2.6645352591003757e-15,-0.10640447578564327
From VLE - Ter Solv - no water!953,From VLE - Ter Solv - no water,953,951,951,,,40: 2-Butanone,"InChI=1S/C4H8O/c1-3-4(2)5/h3H2,1-2H3",330.15,-4.1746,-7.888009332458917,-4.421588558532184,-4.049542726683599,"[[""InChI=1S/C7H8/c1-7-5-3-2-4-6-7/h2-6H,1H3"", 0.2737], [""InChI=1S/C4H10O2/c1-2-6-4-3-5/h5H,2-4H2,1H3"", 0.254], [""InChI=1S/C4H6O/c1-2-3-4-5/h2-4H,1H3/b3-2+"", 0.47229999999999994]]","[""161: Toluene"", ""273: 2-Ethoxyethanol"", ""309: Crotonaldehyde""]","{""solute_inchi"": ""A953"", ""solute_name"": ""B953"", ""solvent1_inchi"": ""C953"", ""solvent1_name"": ""D953"", ""solvent2_inchi"": ""E953"", ""solvent2_name"": ""F953"", ""solvent3_inchi"": ""G953"", ""solvent3_name"": ""H953"", ""frac_solvent1"": ""I953"", ""frac_solvent2"": ""J953"", ""temperature_kelvin"": ""K953"", ""experimental_gsolv"": ""M953""}",CCC(C)=O,"[{""canonical_smiles"": ""C/C=C/C=O"", ""mole_fraction"": 0.47229999999999994}, {""canonical_smiles"": ""CCOCCO"", ""mole_fraction"": 0.254}, {""canonical_smiles"": ""Cc1ccccc1"", ""mole_fraction"": 0.2737}]",-4.16227303261991,0.012326967380089648,0.012326967380089648,-4.162273032619909,0.012326967380090537,0.012326967380090537,8.881784197001252e-16,8.881784197001252e-16,True,False,1.7763568394002505e-15,-0.11273030593631095
From VLE - Ter Solv - no water!987,From VLE - Ter Solv - no water,987,985,985,,,82: Methyl acetate,InChI=1S/C3H6O2/c1-3(4)5-2/h1-2H3,308.15,-4.0136,-7.120611603142844,-4.05693892941022,-3.954182844428412,"[[""InChI=1S/C3H6O/c1-3(2)4/h1-2H3"", 0.1429], [""InChI=1S/CHCl3/c2-1(3)4/h1H"", 0.1429], [""InChI=1S/CH4O/c1-2/h2H,1H3"", 0.7142]]","[""4: Acetone"", ""47: Chloroform"", ""110: Methanol""]","{""solute_inchi"": ""A987"", ""solute_name"": ""B987"", ""solvent1_inchi"": ""C987"", ""solvent1_name"": ""D987"", ""solvent2_inchi"": ""E987"", ""solvent2_name"": ""F987"", ""solvent3_inchi"": ""G987"", ""solvent3_name"": ""H987"", ""frac_solvent1"": ""I987"", ""frac_solvent2"": ""J987"", ""temperature_kelvin"": ""K987"", ""experimental_gsolv"": ""M987""}",COC(C)=O,"[{""canonical_smiles"": ""CC(C)=O"", ""mole_fraction"": 0.1429}, {""canonical_smiles"": ""CO"", ""mole_fraction"": 0.7142}, {""canonical_smiles"": ""ClC(Cl)Cl"", ""mole_fraction"": 0.1429}]",-4.007284977992562,0.006315022007438387,0.006315022007438387,-4.007284977992561,0.006315022007439275,0.006315022007439275,8.881784197001252e-16,8.881784197001252e-16,True,False,2.220446049250313e-15,-0.053102133564149945
From VLE - Ter Solv - no water!1021,From VLE - Ter Solv - no water,1021,1019,1019,,,47: Chloroform,InChI=1S/CHCl3/c2-1(3)4/h1H,308.15,-4.5687,-8.335549488865487,-4.567190208525553,-4.440798818945143,"[[""InChI=1S/C3H6O/c1-3(2)4/h1-2H3"", 0.2857], [""InChI=1S/C3H6O2/c1-3(4)5-2/h1-2H3"", 0.5714], [""InChI=1S/CH4O/c1-2/h2H,1H3"", 0.14289999999999992]]","[""4: Acetone"", ""82: Methyl acetate"", ""110: Methanol""]","{""solute_inchi"": ""A1021"", ""solute_name"": ""B1021"", ""solvent1_inchi"": ""C1021"", ""solvent1_name"": ""D1021"", ""solvent2_inchi"": ""E1021"", ""solvent2_name"": ""F1021"", ""solvent3_inchi"": ""G1021"", ""solvent3_name"": ""H1021"", ""frac_solvent1"": ""I1021"", ""frac_solvent2"": ""J1021"", ""temperature_kelvin"": ""K1021"", ""experimental_gsolv"": ""M1021""}",ClC(Cl)Cl,"[{""canonical_smiles"": ""CC(C)=O"", ""mole_fraction"": 0.2857}, {""canonical_smiles"": ""CO"", ""mole_fraction"": 0.14289999999999992}, {""canonical_smiles"": ""COC(C)=O"", ""mole_fraction"": 0.5714}]",-4.347604731707369,0.22109526829263082,0.22109526829263082,-4.34760473170737,0.22109526829262993,0.22109526829262993,-8.881784197001252e-16,8.881784197001252e-16,False,False,2.6645352591003757e-15,0.09319408723777389
From VLE - Ter Solv - no water!1055,From VLE - Ter Solv - no water,1055,1053,1053,,,4: Acetone,InChI=1S/C3H6O/c1-3(2)4/h1-2H3,328.15,-4.027,-7.765949303871511,-4.421612590511722,-4.085103781520296,"[[""InChI=1S/CHCl3/c2-1(3)4/h1H"", 0.4286], [""InChI=1S/C3H6O2/c1-3(4)5-2/h1-2H3"", 0.2857], [""InChI=1S/CH4O/c1-2/h2H,1H3"", 0.2857]]","[""47: Chloroform"", ""82: Methyl acetate"", ""110: Methanol""]","{""solute_inchi"": ""A1055"", ""solute_name"": ""B1055"", ""solvent1_inchi"": ""C1055"", ""solvent1_name"": ""D1055"", ""solvent2_inchi"": ""E1055"", ""solvent2_name"": ""F1055"", ""solvent3_inchi"": ""G1055"", ""solvent3_name"": ""H1055"", ""frac_solvent1"": ""I1055"", ""frac_solvent2"": ""J1055"", ""temperature_kelvin"": ""K1055"", ""experimental_gsolv"": ""M1055""}",CC(C)=O,"[{""canonical_smiles"": ""CO"", ""mole_fraction"": 0.2857}, {""canonical_smiles"": ""COC(C)=O"", ""mole_fraction"": 0.2857}, {""canonical_smiles"": ""ClC(Cl)Cl"", ""mole_fraction"": 0.4286}]",-4.1151849608094,-0.08818496080940008,0.08818496080940008,-4.1151849608094,-0.08818496080940008,0.08818496080940008,0.0,0.0,False,False,2.6645352591003757e-15,-0.030081179289104476
From VLE - Ter Solv - no water!1089,From VLE - Ter Solv - no water,1089,1087,1087,,,47: Chloroform,InChI=1S/CHCl3/c2-1(3)4/h1H,328.15,-4.2349,-8.239432331122917,-4.407859398712577,-4.022324641133136,"[[""InChI=1S/C3H6O/c1-3(2)4/h1-2H3"", 0.4286], [""InChI=1S/C3H6O2/c1-3(4)5-2/h1-2H3"", 0.1429], [""InChI=1S/CH4O/c1-2/h2H,1H3"", 0.4285]]","[""4: Acetone"", ""82: Methyl acetate"", ""110: Methanol""]","{""solute_inchi"": ""A1089"", ""solute_name"": ""B1089"", ""solvent1_inchi"": ""C1089"", ""solvent1_name"": ""D1089"", ""solvent2_inchi"": ""E1089"", ""solvent2_name"": ""F1089"", ""solvent3_inchi"": ""G1089"", ""solvent3_name"": ""H1089"", ""frac_solvent1"": ""I1089"", ""frac_solvent2"": ""J1089"", ""temperature_kelvin"": ""K1089"", ""experimental_gsolv"": ""M1089""}",ClC(Cl)Cl,"[{""canonical_smiles"": ""CC(C)=O"", ""mole_fraction"": 0.4286}, {""canonical_smiles"": ""CO"", ""mole_fraction"": 0.4285}, {""canonical_smiles"": ""COC(C)=O"", ""mole_fraction"": 0.1429}]",-3.8994564889610914,0.33544351103890824,0.33544351103890824,-3.8994564889610914,0.33544351103890824,0.33544351103890824,0.0,0.0,False,False,3.552713678800501e-15,0.12286815217204472
From VLE - Ter Solv - no water!1123,From VLE - Ter Solv - no water,1123,1121,1121,,,4: Acetone,InChI=1S/C3H6O/c1-3(2)4/h1-2H3,329.75,-3.9238,-7.52869714423058,-4.291675811687595,-3.948593892826758,"[[""InChI=1S/CHCl3/c2-1(3)4/h1H"", 0.2857], [""InChI=1S/C3H6O2/c1-3(4)5-2/h1-2H3"", 0.4286], [""InChI=1S/CH4O/c1-2/h2H,1H3"", 0.28569999999999995]]","[""47: Chloroform"", ""82: Methyl acetate"", ""110: Methanol""]","{""solute_inchi"": ""A1123"", ""solute_name"": ""B1123"", ""solvent1_inchi"": ""C1123"", ""solvent1_name"": ""D1123"", ""solvent2_inchi"": ""E1123"", ""solvent2_name"": ""F1123"", ""solvent3_inchi"": ""G1123"", ""solvent3_name"": ""H1123"", ""frac_solvent1"": ""I1123"", ""frac_solvent2"": ""J1123"", ""temperature_kelvin"": ""K1123"", ""experimental_gsolv"": ""M1123""}",CC(C)=O,"[{""canonical_smiles"": ""CO"", ""mole_fraction"": 0.28569999999999995}, {""canonical_smiles"": ""COC(C)=O"", ""mole_fraction"": 0.4286}, {""canonical_smiles"": ""ClC(Cl)Cl"", ""mole_fraction"": 0.2857}]",-3.9894882794804216,-0.06568827948042166,0.06568827948042166,-3.989488279480421,-0.06568827948042122,0.06568827948042122,4.440892098500626e-16,4.440892098500626e-16,False,False,3.552713678800501e-15,-0.04089438665366352
From VLE - Ter Solv - no water!1157,From VLE - Ter Solv - no water,1157,1155,1155,,,47: Chloroform,InChI=1S/CHCl3/c2-1(3)4/h1H,329.35,-4.2223,-8.263686849258722,-4.497778952117995,-4.103694342388695,"[[""InChI=1S/C3H6O/c1-3(2)4/h1-2H3"", 0.5714], [""InChI=1S/C3H6O2/c1-3(4)5-2/h1-2H3"", 0.1429], [""InChI=1S/CH4O/c1-2/h2H,1H3"", 0.28569999999999995]]","[""4: Acetone"", ""82: Methyl acetate"", ""110: Methanol""]","{""solute_inchi"": ""A1157"", ""solute_name"": ""B1157"", ""solvent1_inchi"": ""C1157"", ""solvent1_name"": ""D1157"", ""solvent2_inchi"": ""E1157"", ""solvent2_name"": ""F1157"", ""solvent3_inchi"": ""G1157"", ""solvent3_name"": ""H1157"", ""frac_solvent1"": ""I1157"", ""frac_solvent2"": ""J1157"", ""temperature_kelvin"": ""K1157"", ""experimental_gsolv"": ""M1157""}",ClC(Cl)Cl,"[{""canonical_smiles"": ""CC(C)=O"", ""mole_fraction"": 0.5714}, {""canonical_smiles"": ""CO"", ""mole_fraction"": 0.28569999999999995}, {""canonical_smiles"": ""COC(C)=O"", ""mole_fraction"": 0.1429}]",-3.965274681051343,0.2570253189486569,0.2570253189486569,-3.965274681051343,0.2570253189486569,0.2570253189486569,0.0,0.0,False,False,1.7763568394002505e-15,0.13841966133735228
From VLE - Ter Solv - no water!1191,From VLE - Ter Solv - no water,1191,1189,1189,,,176: p-Xylene,"InChI=1S/C8H10/c1-7-3-5-8(2)6-4-7/h3-6H,1-2H3",335.75,-5.3041,-9.33822537638464,-5.193282528514528,-4.670559566649975,"[[""InChI=1S/C8H8/c1-2-8-6-4-3-5-7-8/h2-7H,1H2"", 0.0248], [""InChI=1S/C8H10/c1-7-4-3-5-8(2)6-7/h3-6H,1-2H3"", 0.0778], [""InChI=1S/C4H10O2/c1-2-6-4-3-5/h5H,2-4H2,1H3"", 0.8974]]","[""150: Styrene"", ""175: m-Xylene"", ""273: 2-Ethoxyethanol""]","{""solute_inchi"": ""A1191"", ""solute_name"": ""B1191"", ""solvent1_inchi"": ""C1191"", ""solvent1_name"": ""D1191"", ""solvent2_inchi"": ""E1191"", ""solvent2_name"": ""F1191"", ""solvent3_inchi"": ""G1191"", ""solvent3_name"": ""H1191"", ""frac_solvent1"": ""I1191"", ""frac_solvent2"": ""J1191"", ""temperature_kelvin"": ""K1191"", ""experimental_gsolv"": ""M1191""}",Cc1ccc(C)cc1,"[{""canonical_smiles"": ""C=Cc1ccccc1"", ""mole_fraction"": 0.0248}, {""canonical_smiles"": ""CCOCCO"", ""mole_fraction"": 0.8974}, {""canonical_smiles"": ""Cc1cccc(C)c1"", ""mole_fraction"": 0.0778}]",-4.81083901984873,0.49326098015126973,0.49326098015126973,-4.810839019848731,0.49326098015126885,0.49326098015126885,-8.881784197001252e-16,8.881784197001252e-16,False,False,2.6645352591003757e-15,-0.14027945319875545
From VLE - Ter Solv - no water!1225,From VLE - Ter Solv - no water,1225,1223,1223,,,82: Methyl acetate,InChI=1S/C3H6O2/c1-3(4)5-2/h1-2H3,331.17,-3.9192,-7.767402287750218,-4.233353634182023,-3.841959079290787,"[[""InChI=1S/C6H6/c1-2-4-6-5-3-1/h1-6H"", 0.489], [""InChI=1S/CHCl3/c2-1(3)4/h1H"", 0.2018], [""InChI=1S/CH4O/c1-2/h2H,1H3"", 0.30920000000000003]]","[""31: Benzene"", ""47: Chloroform"", ""110: Methanol""]","{""solute_inchi"": ""A1225"", ""solute_name"": ""B1225"", ""solvent1_inchi"": ""C1225"", ""solvent1_name"": ""D1225"", ""solvent2_inchi"": ""E1225"", ""solvent2_name"": ""F1225"", ""solvent3_inchi"": ""G1225"", ""solvent3_name"": ""H1225"", ""frac_solvent1"": ""I1225"", ""frac_solvent2"": ""J1225"", ""temperature_kelvin"": ""K1225"", ""experimental_gsolv"": ""M1225""}",COC(C)=O,"[{""canonical_smiles"": ""CO"", ""mole_fraction"": 0.30920000000000003}, {""canonical_smiles"": ""ClC(Cl)Cl"", ""mole_fraction"": 0.2018}, {""canonical_smiles"": ""c1ccccc1"", ""mole_fraction"": 0.489}]",-3.9217948318322122,-0.0025948318322122077,0.0025948318322122077,-3.9217948318322113,-0.0025948318322113195,0.0025948318322113195,8.881784197001252e-16,8.881784197001252e-16,False,False,2.220446049250313e-15,-0.07983575254142528
From VLE - Ter Solv - no water!1259,From VLE - Ter Solv - no water,1259,1257,1257,,,47: Chloroform,InChI=1S/CHCl3/c2-1(3)4/h1H,330.89,-3.9652,-7.933517689632919,-4.12053413667969,-3.701828513591684,"[[""InChI=1S/C6H6/c1-2-4-6-5-3-1/h1-6H"", 0.2954], [""InChI=1S/C3H6O2/c1-3(4)5-2/h1-2H3"", 0.0236], [""InChI=1S/CH4O/c1-2/h2H,1H3"", 0.681]]","[""31: Benzene"", ""82: Methyl acetate"", ""110: Methanol""]","{""solute_inchi"": ""A1259"", ""solute_name"": ""B1259"", ""solvent1_inchi"": ""C1259"", ""solvent1_name"": ""D1259"", ""solvent2_inchi"": ""E1259"", ""solvent2_name"": ""F1259"", ""solvent3_inchi"": ""G1259"", ""solvent3_name"": ""H1259"", ""frac_solvent1"": ""I1259"", ""frac_solvent2"": ""J1259"", ""temperature_kelvin"": ""K1259"", ""experimental_gsolv"": ""M1259""}",ClC(Cl)Cl,"[{""canonical_smiles"": ""CO"", ""mole_fraction"": 0.681}, {""canonical_smiles"": ""COC(C)=O"", ""mole_fraction"": 0.0236}, {""canonical_smiles"": ""c1ccccc1"", ""mole_fraction"": 0.2954}]",-3.6393537347009803,0.3258462652990195,0.3258462652990195,-3.6393537347009803,0.3258462652990195,0.3258462652990195,0.0,0.0,False,False,3.552713678800501e-15,0.06247477889070385
From VLE - Ter Solv - no water!1293,From VLE - Ter Solv - no water,1293,1291,1291,,,140: 1-Propanol,"InChI=1S/C3H8O/c1-2-3-4/h4H,2-3H2,1H3",328.15,-4.8684,-10.36296122225199,-5.339354249195814,-4.833876438725631,"[[""InChI=1S/C2H3N/c1-2-3/h1H3"", 0.3987], [""InChI=1S/C6H6/c1-2-4-6-5-3-1/h1-6H"", 0.3729], [""InChI=1S/CH4O/c1-2/h2H,1H3"", 0.22839999999999994]]","[""3: Acetonitrile"", ""31: Benzene"", ""110: Methanol""]","{""solute_inchi"": ""A1293"", ""solute_name"": ""B1293"", ""solvent1_inchi"": ""C1293"", ""solvent1_name"": ""D1293"", ""solvent2_inchi"": ""E1293"", ""solvent2_name"": ""F1293"", ""solvent3_inchi"": ""G1293"", ""solvent3_name"": ""H1293"", ""frac_solvent1"": ""I1293"", ""frac_solvent2"": ""J1293"", ""temperature_kelvin"": ""K1293"", ""experimental_gsolv"": ""M1293""}",CCCO,"[{""canonical_smiles"": ""CC#N"", ""mole_fraction"": 0.3987}, {""canonical_smiles"": ""CO"", ""mole_fraction"": 0.22839999999999994}, {""canonical_smiles"": ""c1ccccc1"", ""mole_fraction"": 0.3729}]",-4.893458204697703,-0.025058204697702813,0.025058204697702813,-4.893458204697703,-0.025058204697702813,0.025058204697702813,0.0,0.0,False,False,2.6645352591003757e-15,-0.0595817659720721
From VLE - Ter Solv - no water!1327,From VLE - Ter Solv - no water,1327,1325,1325,,,31: Benzene,InChI=1S/C6H6/c1-2-4-6-5-3-1/h1-6H,328.15,-4.0948,-7.457627286086257,-4.153811141222489,-3.82137953181141,"[[""InChI=1S/C2H3N/c1-2-3/h1H3"", 0.5012], [""InChI=1S/CH4O/c1-2/h2H,1H3"", 0.2236], [""InChI=1S/C3H8O/c1-2-3-4/h4H,2-3H2,1H3"", 0.2752]]","[""3: Acetonitrile"", ""110: Methanol"", ""140: 1-Propanol""]","{""solute_inchi"": ""A1327"", ""solute_name"": ""B1327"", ""solvent1_inchi"": ""C1327"", ""solvent1_name"": ""D1327"", ""solvent2_inchi"": ""E1327"", ""solvent2_name"": ""F1327"", ""solvent3_inchi"": ""G1327"", ""solvent3_name"": ""H1327"", ""frac_solvent1"": ""I1327"", ""frac_solvent2"": ""J1327"", ""temperature_kelvin"": ""K1327"", ""experimental_gsolv"": ""M1327""}",c1ccccc1,"[{""canonical_smiles"": ""CC#N"", ""mole_fraction"": 0.5012}, {""canonical_smiles"": ""CCCO"", ""mole_fraction"": 0.2752}, {""canonical_smiles"": ""CO"", ""mole_fraction"": 0.2236}]",-3.7769135373385483,0.31788646266145193,0.31788646266145193,-3.7769135373385487,0.3178864626614515,0.3178864626614515,-4.440892098500626e-16,4.440892098500626e-16,False,False,3.9968028886505635e-15,0.04446599447286159
From VLE - Ter Solv - no water!1361,From VLE - Ter Solv - no water,1361,1359,1359,,,140: 1-Propanol,"InChI=1S/C3H8O/c1-2-3-4/h4H,2-3H2,1H3",333.45,-4.9993,-10.69235781756282,-5.5739695503294,-4.967968859960995,"[[""InChI=1S/C3H6O/c1-3(2)4/h1-2H3"", 0.4603], [""InChI=1S/C3H8O/c1-3(2)4/h3-4H,1-2H3"", 0.1162], [""InChI=1S/CH4O/c1-2/h2H,1H3"", 0.4235000000000001]]","[""4: Acetone"", ""95: 2-Propanol"", ""110: Methanol""]","{""solute_inchi"": ""A1361"", ""solute_name"": ""B1361"", ""solvent1_inchi"": ""C1361"", ""solvent1_name"": ""D1361"", ""solvent2_inchi"": ""E1361"", ""solvent2_name"": ""F1361"", ""solvent3_inchi"": ""G1361"", ""solvent3_name"": ""H1361"", ""frac_solvent1"": ""I1361"", ""frac_solvent2"": ""J1361"", ""temperature_kelvin"": ""K1361"", ""experimental_gsolv"": ""M1361""}",CCCO,"[{""canonical_smiles"": ""CC(C)=O"", ""mole_fraction"": 0.4603}, {""canonical_smiles"": ""CC(C)O"", ""mole_fraction"": 0.1162}, {""canonical_smiles"": ""CO"", ""mole_fraction"": 0.4235000000000001}]",-5.0178641330251725,-0.01856413302517268,0.01856413302517268,-5.0178641330251725,-0.01856413302517268,0.01856413302517268,0.0,0.0,False,False,2.6645352591003757e-15,-0.049895273064177736
From VLE - Ter Solv - no water!1395,From VLE - Ter Solv - no water,1395,1393,1393,,,31: Benzene,InChI=1S/C6H6/c1-2-4-6-5-3-1/h1-6H,328.15,-3.9097,-7.63899546333854,-4.034909795720219,-3.672264918884567,"[[""InChI=1S/C2H3N/c1-2-3/h1H3"", 0.1966], [""InChI=1S/C4H10O/c1-2-3-4-5/h5H,2-4H2,1H3"", 0.181], [""InChI=1S/CH4O/c1-2/h2H,1H3"", 0.6224000000000001]]","[""3: Acetonitrile"", ""39: 1-Butanol"", ""110: Methanol""]","{""solute_inchi"": ""A1395"", ""solute_name"": ""B1395"", ""solvent1_inchi"": ""C1395"", ""solvent1_name"": ""D1395"", ""solvent2_inchi"": ""E1395"", ""solvent2_name"": ""F1395"", ""solvent3_inchi"": ""G1395"", ""solvent3_name"": ""H1395"", ""frac_solvent1"": ""I1395"", ""frac_solvent2"": ""J1395"", ""temperature_kelvin"": ""K1395"", ""experimental_gsolv"": ""M1395""}",c1ccccc1,"[{""canonical_smiles"": ""CC#N"", ""mole_fraction"": 0.1966}, {""canonical_smiles"": ""CCCCO"", ""mole_fraction"": 0.181}, {""canonical_smiles"": ""CO"", ""mole_fraction"": 0.6224000000000001}]",-3.646518998951895,0.26318100104810505,0.26318100104810505,-3.6465189989518954,0.2631810010481046,0.2631810010481046,-4.440892098500626e-16,4.440892098500626e-16,False,False,2.220446049250313e-15,0.025745919932671946
From VLE - Ter Solv - no water!1429,From VLE - Ter Solv - no water,1429,1427,1427,,,110: Methanol,"InChI=1S/CH4O/c1-2/h2H,1H3",328.15,-3.782,-7.827058735159715,-4.051189342908016,-3.671259503003434,"[[""InChI=1S/C2H3N/c1-2-3/h1H3"", 0.7246], [""InChI=1S/C6H6/c1-2-4-6-5-3-1/h1-6H"", 0.1149], [""InChI=1S/C4H10O/c1-2-3-4-5/h5H,2-4H2,1H3"", 0.16049999999999998]]","[""3: Acetonitrile"", ""31: Benzene"", ""39: 1-Butanol""]","{""solute_inchi"": ""A1429"", ""solute_name"": ""B1429"", ""solvent1_inchi"": ""C1429"", ""solvent1_name"": ""D1429"", ""solvent2_inchi"": ""E1429"", ""solvent2_name"": ""F1429"", ""solvent3_inchi"": ""G1429"", ""solvent3_name"": ""H1429"", ""frac_solvent1"": ""I1429"", ""frac_solvent2"": ""J1429"", ""temperature_kelvin"": ""K1429"", ""experimental_gsolv"": ""M1429""}",CO,"[{""canonical_smiles"": ""CC#N"", ""mole_fraction"": 0.7246}, {""canonical_smiles"": ""CCCCO"", ""mole_fraction"": 0.16049999999999998}, {""canonical_smiles"": ""c1ccccc1"", ""mole_fraction"": 0.1149}]",-3.7341866262043624,0.04781337379563766,0.04781337379563766,-3.7341866262043615,0.04781337379563855,0.04781337379563855,8.881784197001252e-16,8.881784197001252e-16,True,False,3.552713678800501e-15,-0.0629271232009283
From VLE - Ter Solv - no water!1463,From VLE - Ter Solv - no water,1463,1461,1461,,,31: Benzene,InChI=1S/C6H6/c1-2-4-6-5-3-1/h1-6H,328.15,-4.1218,-7.35344073057408,-4.200672105914984,-3.883438972459432,"[[""InChI=1S/C2H3N/c1-2-3/h1H3"", 0.5673], [""InChI=1S/C3H8O/c1-3(2)4/h3-4H,1-2H3"", 0.366], [""InChI=1S/CH4O/c1-2/h2H,1H3"", 0.06669999999999998]]","[""3: Acetonitrile"", ""95: 2-Propanol"", ""110: Methanol""]","{""solute_inchi"": ""A1463"", ""solute_name"": ""B1463"", ""solvent1_inchi"": ""C1463"", ""solvent1_name"": ""D1463"", ""solvent2_inchi"": ""E1463"", ""solvent2_name"": ""F1463"", ""solvent3_inchi"": ""G1463"", ""solvent3_name"": ""H1463"", ""frac_solvent1"": ""I1463"", ""frac_solvent2"": ""J1463"", ""temperature_kelvin"": ""K1463"", ""experimental_gsolv"": ""M1463""}",c1ccccc1,"[{""canonical_smiles"": ""CC#N"", ""mole_fraction"": 0.5673}, {""canonical_smiles"": ""CC(C)O"", ""mole_fraction"": 0.366}, {""canonical_smiles"": ""CO"", ""mole_fraction"": 0.06669999999999998}]",-3.829252588943504,0.2925474110564963,0.2925474110564963,-3.829252588943504,0.2925474110564963,0.2925474110564963,0.0,0.0,False,False,2.6645352591003757e-15,0.05418638351592797
From VLE - Ter Solv - no water!1497,From VLE - Ter Solv - no water,1497,1495,1495,,,95: 2-Propanol,"InChI=1S/C3H8O/c1-3(2)4/h3-4H,1-2H3",328.15,-4.2994,-9.68252087335261,-4.841867723977172,-4.354798817449374,"[[""InChI=1S/C2H3N/c1-2-3/h1H3"", 0.4448], [""InChI=1S/C6H6/c1-2-4-6-5-3-1/h1-6H"", 0.4241], [""InChI=1S/CH4O/c1-2/h2H,1H3"", 0.13110000000000005]]","[""3: Acetonitrile"", ""31: Benzene"", ""110: Methanol""]","{""solute_inchi"": ""A1497"", ""solute_name"": ""B1497"", ""solvent1_inchi"": ""C1497"", ""solvent1_name"": ""D1497"", ""solvent2_inchi"": ""E1497"", ""solvent2_name"": ""F1497"", ""solvent3_inchi"": ""G1497"", ""solvent3_name"": ""H1497"", ""frac_solvent1"": ""I1497"", ""frac_solvent2"": ""J1497"", ""temperature_kelvin"": ""K1497"", ""experimental_gsolv"": ""M1497""}",CC(C)O,"[{""canonical_smiles"": ""CC#N"", ""mole_fraction"": 0.4448}, {""canonical_smiles"": ""CO"", ""mole_fraction"": 0.13110000000000005}, {""canonical_smiles"": ""c1ccccc1"", ""mole_fraction"": 0.4241}]",-4.510378319962856,-0.2109783199628561,0.2109783199628561,-4.510378319962856,-0.2109783199628561,0.2109783199628561,0.0,0.0,False,False,3.552713678800501e-15,-0.15557950251348274
From VLE - Ter Solv - no water!1531,From VLE - Ter Solv - no water,1531,1529,1529,,,110: Methanol,"InChI=1S/CH4O/c1-2/h2H,1H3",318.15,-4.2516,-8.412489809168001,-4.339620127681294,-4.066410690720924,"[[""InChI=1S/C2H3N/c1-2-3/h1H3"", 0.4817], [""InChI=1S/C2H6O/c1-2-3/h3H,2H2,1H3"", 0.3881], [""InChI=1S/C6H6/c1-2-4-6-5-3-1/h1-6H"", 0.13019999999999998]]","[""3: Acetonitrile"", ""11: Ethanol"", ""31: Benzene""]","{""solute_inchi"": ""A1531"", ""solute_name"": ""B1531"", ""solvent1_inchi"": ""C1531"", ""solvent1_name"": ""D1531"", ""solvent2_inchi"": ""E1531"", ""solvent2_name"": ""F1531"", ""solvent3_inchi"": ""G1531"", ""solvent3_name"": ""H1531"", ""frac_solvent1"": ""I1531"", ""frac_solvent2"": ""J1531"", ""temperature_kelvin"": ""K1531"", ""experimental_gsolv"": ""M1531""}",CO,"[{""canonical_smiles"": ""CC#N"", ""mole_fraction"": 0.4817}, {""canonical_smiles"": ""CCO"", ""mole_fraction"": 0.3881}, {""canonical_smiles"": ""c1ccccc1"", ""mole_fraction"": 0.13019999999999998}]",-4.15349720924166,0.09810279075833961,0.09810279075833961,-4.153497209241661,0.09810279075833872,0.09810279075833872,-8.881784197001252e-16,8.881784197001252e-16,False,False,1.7763568394002505e-15,-0.0870865185207359
From VLE - Ter Solv - no water!1565,From VLE - Ter Solv - no water,1565,1563,1563,,,31: Benzene,InChI=1S/C6H6/c1-2-4-6-5-3-1/h1-6H,318.15,-3.8076,-7.723149876158106,-3.970837954189927,-3.719131637103347,"[[""InChI=1S/C2H3N/c1-2-3/h1H3"", 0.0457], [""InChI=1S/C2H6O/c1-2-3/h3H,2H2,1H3"", 0.2328], [""InChI=1S/CH4O/c1-2/h2H,1H3"", 0.7215]]","[""3: Acetonitrile"", ""11: Ethanol"", ""110: Methanol""]","{""solute_inchi"": ""A1565"", ""solute_name"": ""B1565"", ""solvent1_inchi"": ""C1565"", ""solvent1_name"": ""D1565"", ""solvent2_inchi"": ""E1565"", ""solvent2_name"": ""F1565"", ""solvent3_inchi"": ""G1565"", ""solvent3_name"": ""H1565"", ""frac_solvent1"": ""I1565"", ""frac_solvent2"": ""J1565"", ""temperature_kelvin"": ""K1565"", ""experimental_gsolv"": ""M1565""}",c1ccccc1,"[{""canonical_smiles"": ""CC#N"", ""mole_fraction"": 0.0457}, {""canonical_smiles"": ""CCO"", ""mole_fraction"": 0.2328}, {""canonical_smiles"": ""CO"", ""mole_fraction"": 0.7215}]",-3.680825141790907,0.12677485820909284,0.12677485820909284,-3.6808251417909084,0.1267748582090915,0.1267748582090915,-1.3322676295501878e-15,1.3322676295501878e-15,False,False,2.220446049250313e-15,0.0383064953124399
From VLE - Ter Solv - no water!1599,From VLE - Ter Solv - no water,1599,1597,1597,,,11: Ethanol,"InChI=1S/C2H6O/c1-2-3/h3H,2H2,1H3",318.15,-4.3159,-9.258035586156186,-4.574850750854387,-4.26070117276941,"[[""InChI=1S/C2H3N/c1-2-3/h1H3"", 0.1788], [""InChI=1S/C6H6/c1-2-4-6-5-3-1/h1-6H"", 0.5403], [""InChI=1S/C3H8O/c1-2-3-4/h4H,2-3H2,1H3"", 0.28090000000000004]]","[""3: Acetonitrile"", ""31: Benzene"", ""140: 1-Propanol""]","{""solute_inchi"": ""A1599"", ""solute_name"": ""B1599"", ""solvent1_inchi"": ""C1599"", ""solvent1_name"": ""D1599"", ""solvent2_inchi"": ""E1599"", ""solvent2_name"": ""F1599"", ""solvent3_inchi"": ""G1599"", ""solvent3_name"": ""H1599"", ""frac_solvent1"": ""I1599"", ""frac_solvent2"": ""J1599"", ""temperature_kelvin"": ""K1599"", ""experimental_gsolv"": ""M1599""}",CCO,"[{""canonical_smiles"": ""CC#N"", ""mole_fraction"": 0.1788}, {""canonical_smiles"": ""CCCO"", ""mole_fraction"": 0.28090000000000004}, {""canonical_smiles"": ""c1ccccc1"", ""mole_fraction"": 0.5403}]",-4.311016707511428,0.004883292488572444,0.004883292488572444,-4.311016707511428,0.004883292488572444,0.004883292488572444,0.0,0.0,False,False,2.6645352591003757e-15,-0.05031553474201722
From VLE - Ter Solv - no water!1633,From VLE - Ter Solv - no water,1633,1631,1631,,,140: 1-Propanol,"InChI=1S/C3H8O/c1-2-3-4/h4H,2-3H2,1H3",318.15,-5.245,-10.83143578255914,-5.576689453596259,-5.224199342647886,"[[""InChI=1S/C2H3N/c1-2-3/h1H3"", 0.1585], [""InChI=1S/C2H6O/c1-2-3/h3H,2H2,1H3"", 0.6956], [""InChI=1S/C6H6/c1-2-4-6-5-3-1/h1-6H"", 0.14590000000000003]]","[""3: Acetonitrile"", ""11: Ethanol"", ""31: Benzene""]","{""solute_inchi"": ""A1633"", ""solute_name"": ""B1633"", ""solvent1_inchi"": ""C1633"", ""solvent1_name"": ""D1633"", ""solvent2_inchi"": ""E1633"", ""solvent2_name"": ""F1633"", ""solvent3_inchi"": ""G1633"", ""solvent3_name"": ""H1633"", ""frac_solvent1"": ""I1633"", ""frac_solvent2"": ""J1633"", ""temperature_kelvin"": ""K1633"", ""experimental_gsolv"": ""M1633""}",CCCO,"[{""canonical_smiles"": ""CC#N"", ""mole_fraction"": 0.1585}, {""canonical_smiles"": ""CCO"", ""mole_fraction"": 0.6956}, {""canonical_smiles"": ""c1ccccc1"", ""mole_fraction"": 0.14590000000000003}]",-5.25107743888235,-0.006077438882349462,0.006077438882349462,-5.251077438882349,-0.006077438882348574,0.006077438882348574,8.881784197001252e-16,8.881784197001252e-16,False,False,2.6645352591003757e-15,-0.02687809623446391
From VLE - Ter Solv - no water!1667,From VLE - Ter Solv - no water,1667,1665,1665,,,31: Benzene,InChI=1S/C6H6/c1-2-4-6-5-3-1/h1-6H,333.15,-3.87,-7.670161805547167,-3.996749415412924,-3.565525421937497,"[[""InChI=1S/C2H3N/c1-2-3/h1H3"", 0.0725], [""InChI=1S/CH4O/c1-2/h2H,1H3"", 0.736], [""InChI=1S/C4H10O/c1-4(2)3-5/h4-5H,3H2,1-2H3"", 0.1915]]","[""3: Acetonitrile"", ""110: Methanol"", ""120: 2-Methyl-1-propanol""]","{""solute_inchi"": ""A1667"", ""solute_name"": ""B1667"", ""solvent1_inchi"": ""C1667"", ""solvent1_name"": ""D1667"", ""solvent2_inchi"": ""E1667"", ""solvent2_name"": ""F1667"", ""solvent3_inchi"": ""G1667"", ""solvent3_name"": ""H1667"", ""frac_solvent1"": ""I1667"", ""frac_solvent2"": ""J1667"", ""temperature_kelvin"": ""K1667"", ""experimental_gsolv"": ""M1667""}",c1ccccc1,"[{""canonical_smiles"": ""CC#N"", ""mole_fraction"": 0.0725}, {""canonical_smiles"": ""CC(C)CO"", ""mole_fraction"": 0.1915}, {""canonical_smiles"": ""CO"", ""mole_fraction"": 0.736}]",-3.5169289380246234,0.35307106197537674,0.35307106197537674,-3.5169289380246243,0.35307106197537586,0.35307106197537586,-8.881784197001252e-16,8.881784197001252e-16,False,False,2.220446049250313e-15,0.048596483912873634
From VLE - Ter Solv - no water!1701,From VLE - Ter Solv - no water,1701,1699,1699,,,110: Methanol,"InChI=1S/CH4O/c1-2/h2H,1H3",333.15,-3.9055,-8.910577883286962,-4.355226727760368,-3.820471435312168,"[[""InChI=1S/C2H3N/c1-2-3/h1H3"", 0.2616], [""InChI=1S/C6H6/c1-2-4-6-5-3-1/h1-6H"", 0.1747], [""InChI=1S/C4H10O/c1-4(2,3)5/h5H,1-3H3"", 0.5637]]","[""3: Acetonitrile"", ""31: Benzene"", ""153: tert-Butanol""]","{""solute_inchi"": ""A1701"", ""solute_name"": ""B1701"", ""solvent1_inchi"": ""C1701"", ""solvent1_name"": ""D1701"", ""solvent2_inchi"": ""E1701"", ""solvent2_name"": ""F1701"", ""solvent3_inchi"": ""G1701"", ""solvent3_name"": ""H1701"", ""frac_solvent1"": ""I1701"", ""frac_solvent2"": ""J1701"", ""temperature_kelvin"": ""K1701"", ""experimental_gsolv"": ""M1701""}",CO,"[{""canonical_smiles"": ""CC#N"", ""mole_fraction"": 0.2616}, {""canonical_smiles"": ""CC(C)(C)O"", ""mole_fraction"": 0.5637}, {""canonical_smiles"": ""c1ccccc1"", ""mole_fraction"": 0.1747}]",-3.866032665795225,0.039467334204775106,0.039467334204775106,-3.866032665795226,0.039467334204773774,0.039467334204773774,-1.3322676295501878e-15,1.3322676295501878e-15,False,False,4.440892098500626e-15,-0.045561230483056825
From VLE - Ter Solv - no water!1735,From VLE - Ter Solv - no water,1735,1733,1733,,,120: 2-Methyl-1-propanol,"InChI=1S/C4H10O/c1-4(2)3-5/h4-5H,3H2,1-2H3",333.15,-4.9575,-10.94901583011457,-5.543914459017406,-4.909406499975311,"[[""InChI=1S/C2H3N/c1-2-3/h1H3"", 0.1722], [""InChI=1S/C6H6/c1-2-4-6-5-3-1/h1-6H"", 0.6084], [""InChI=1S/C3H8O/c1-2-3-4/h4H,2-3H2,1H3"", 0.21939999999999993]]","[""3: Acetonitrile"", ""31: Benzene"", ""140: 1-Propanol""]","{""solute_inchi"": ""A1735"", ""solute_name"": ""B1735"", ""solvent1_inchi"": ""C1735"", ""solvent1_name"": ""D1735"", ""solvent2_inchi"": ""E1735"", ""solvent2_name"": ""F1735"", ""solvent3_inchi"": ""G1735"", ""solvent3_name"": ""H1735"", ""frac_solvent1"": ""I1735"", ""frac_solvent2"": ""J1735"", ""temperature_kelvin"": ""K1735"", ""experimental_gsolv"": ""M1735""}",CC(C)CO,"[{""canonical_smiles"": ""CC#N"", ""mole_fraction"": 0.1722}, {""canonical_smiles"": ""CCCO"", ""mole_fraction"": 0.21939999999999993}, {""canonical_smiles"": ""c1ccccc1"", ""mole_fraction"": 0.6084}]",-4.999185645508899,-0.04168564550889986,0.04168564550889986,-4.9991856455088985,-0.04168564550889897,0.04168564550889897,8.881784197001252e-16,8.881784197001252e-16,False,False,1.7763568394002505e-15,-0.08977914553358879
From VLE - Ter Solv - no water!1769,From VLE - Ter Solv - no water,1769,1767,1767,,,140: 1-Propanol,"InChI=1S/C3H8O/c1-2-3-4/h4H,2-3H2,1H3",333.15,-4.681,-10.42943911614268,-5.352985265511892,-4.757057427939938,"[[""InChI=1S/C2H3N/c1-2-3/h1H3"", 0.5672], [""InChI=1S/C6H6/c1-2-4-6-5-3-1/h1-6H"", 0.1313], [""InChI=1S/C4H10O/c1-4(2,3)5/h5H,1-3H3"", 0.3015]]","[""3: Acetonitrile"", ""31: Benzene"", ""153: tert-Butanol""]","{""solute_inchi"": ""A1769"", ""solute_name"": ""B1769"", ""solvent1_inchi"": ""C1769"", ""solvent1_name"": ""D1769"", ""solvent2_inchi"": ""E1769"", ""solvent2_name"": ""F1769"", ""solvent3_inchi"": ""G1769"", ""solvent3_name"": ""H1769"", ""frac_solvent1"": ""I1769"", ""frac_solvent2"": ""J1769"", ""temperature_kelvin"": ""K1769"", ""experimental_gsolv"": ""M1769""}",CCCO,"[{""canonical_smiles"": ""CC#N"", ""mole_fraction"": 0.5672}, {""canonical_smiles"": ""CC(C)(C)O"", ""mole_fraction"": 0.3015}, {""canonical_smiles"": ""c1ccccc1"", ""mole_fraction"": 0.1313}]",-4.777082470708519,-0.09608247070851927,0.09608247070851927,-4.77708247070852,-0.09608247070852016,0.09608247070852016,-8.881784197001252e-16,8.881784197001252e-16,True,False,1.7763568394002505e-15,-0.02002504276858108
From VLE - Ter Solv - no water!1803,From VLE - Ter Solv - no water,1803,1801,1801,,,140: 1-Propanol,"InChI=1S/C3H8O/c1-2-3-4/h4H,2-3H2,1H3",333.15,-4.5694,-9.704246333631254,-5.083178050360631,-4.540708186485159,"[[""InChI=1S/C2H3N/c1-2-3/h1H3"", 0.6876], [""InChI=1S/C6H6/c1-2-4-6-5-3-1/h1-6H"", 0.1802], [""InChI=1S/C4H10O/c1-4(2,3)5/h5H,1-3H3"", 0.1322]]","[""3: Acetonitrile"", ""31: Benzene"", ""153: tert-Butanol""]","{""solute_inchi"": ""A1803"", ""solute_name"": ""B1803"", ""solvent1_inchi"": ""C1803"", ""solvent1_name"": ""D1803"", ""solvent2_inchi"": ""E1803"", ""solvent2_name"": ""F1803"", ""solvent3_inchi"": ""G1803"", ""solvent3_name"": ""H1803"", ""frac_solvent1"": ""I1803"", ""frac_solvent2"": ""J1803"", ""temperature_kelvin"": ""K1803"", ""experimental_gsolv"": ""M1803""}",CCCO,"[{""canonical_smiles"": ""CC#N"", ""mole_fraction"": 0.6876}, {""canonical_smiles"": ""CC(C)(C)O"", ""mole_fraction"": 0.1322}, {""canonical_smiles"": ""c1ccccc1"", ""mole_fraction"": 0.1802}]",-4.593926135838201,-0.024526135838200958,0.024526135838200958,-4.593926135838201,-0.024526135838200958,0.024526135838200958,0.0,0.0,False,False,1.7763568394002505e-15,-0.05321794935304158
From VLE - Ter Solv - no water!1837,From VLE - Ter Solv - no water,1837,1835,1835,,,95: 2-Propanol,"InChI=1S/C3H8O/c1-3(2)4/h3-4H,1-2H3",333.15,-3.822,-8.395784933499522,-4.078749552972299,-3.571970286433802,"[[""InChI=1S/C2H3N/c1-2-3/h1H3"", 0.0854], [""InChI=1S/C2H6O/c1-2-3/h3H,2H2,1H3"", 0.067], [""InChI=1S/C6H6/c1-2-4-6-5-3-1/h1-6H"", 0.8475999999999999]]","[""3: Acetonitrile"", ""11: Ethanol"", ""31: Benzene""]","{""solute_inchi"": ""A1837"", ""solute_name"": ""B1837"", ""solvent1_inchi"": ""C1837"", ""solvent1_name"": ""D1837"", ""solvent2_inchi"": ""E1837"", ""solvent2_name"": ""F1837"", ""solvent3_inchi"": ""G1837"", ""solvent3_name"": ""H1837"", ""frac_solvent1"": ""I1837"", ""frac_solvent2"": ""J1837"", ""temperature_kelvin"": ""K1837"", ""experimental_gsolv"": ""M1837""}",CC(C)O,"[{""canonical_smiles"": ""CC#N"", ""mole_fraction"": 0.08540000000000002}, {""canonical_smiles"": ""CCO"", ""mole_fraction"": 0.06700000000000002}, {""canonical_smiles"": ""c1ccccc1"", ""mole_fraction"": 0.8476}]",-3.7615075010407217,0.06049249895927833,0.06049249895927833,-3.761507501040721,0.06049249895927922,0.06049249895927922,8.881784197001252e-16,8.881784197001252e-16,True,False,3.1086244689504383e-15,-0.18953721460691986
From VLE - Ter Solv - no water!1871,From VLE - Ter Solv - no water,1871,1869,1869,,,31: Benzene,InChI=1S/C6H6/c1-2-4-6-5-3-1/h1-6H,333.15,-3.884,-7.355997978834587,-4.164473251954695,-3.78981832845714,"[[""InChI=1S/C2H3N/c1-2-3/h1H3"", 0.3749], [""InChI=1S/C4H10O/c1-3-4(2)5/h4-5H,3H2,1-2H3"", 0.1758], [""InChI=1S/C3H8O/c1-3(2)4/h3-4H,1-2H3"", 0.4493]]","[""3: Acetonitrile"", ""22: 2-Butanol"", ""95: 2-Propanol""]","{""solute_inchi"": ""A1871"", ""solute_name"": ""B1871"", ""solvent1_inchi"": ""C1871"", ""solvent1_name"": ""D1871"", ""solvent2_inchi"": ""E1871"", ""solvent2_name"": ""F1871"", ""solvent3_inchi"": ""G1871"", ""solvent3_name"": ""H1871"", ""frac_solvent1"": ""I1871"", ""frac_solvent2"": ""J1871"", ""temperature_kelvin"": ""K1871"", ""experimental_gsolv"": ""M1871""}",c1ccccc1,"[{""canonical_smiles"": ""CC#N"", ""mole_fraction"": 0.3749}, {""canonical_smiles"": ""CC(C)O"", ""mole_fraction"": 0.4493}, {""canonical_smiles"": ""CCC(C)O"", ""mole_fraction"": 0.1758}]",-3.724641581891781,0.15935841810821882,0.15935841810821882,-3.7246415818917824,0.1593584181082175,0.1593584181082175,-1.3322676295501878e-15,1.3322676295501878e-15,False,False,2.220446049250313e-15,0.06517674656535899
From VLE - Ter Solv - no water!1905,From VLE - Ter Solv - no water,1905,1903,1903,,,120: 2-Methyl-1-propanol,"InChI=1S/C4H10O/c1-4(2)3-5/h4-5H,3H2,1-2H3",333.15,-4.7393,-11.02011722364293,-5.51427638715248,-4.867942564321134,"[[""InChI=1S/C2H3N/c1-2-3/h1H3"", 0.0762], [""InChI=1S/C2H6O/c1-2-3/h3H,2H2,1H3"", 0.1741], [""InChI=1S/C6H6/c1-2-4-6-5-3-1/h1-6H"", 0.7496999999999999]]","[""3: Acetonitrile"", ""11: Ethanol"", ""31: Benzene""]","{""solute_inchi"": ""A1905"", ""solute_name"": ""B1905"", ""solvent1_inchi"": ""C1905"", ""solvent1_name"": ""D1905"", ""solvent2_inchi"": ""E1905"", ""solvent2_name"": ""F1905"", ""solvent3_inchi"": ""G1905"", ""solvent3_name"": ""H1905"", ""frac_solvent1"": ""I1905"", ""frac_solvent2"": ""J1905"", ""temperature_kelvin"": ""K1905"", ""experimental_gsolv"": ""M1905""}",CC(C)CO,"[{""canonical_smiles"": ""CC#N"", ""mole_fraction"": 0.07620000000000002}, {""canonical_smiles"": ""CCO"", ""mole_fraction"": 0.17410000000000003}, {""canonical_smiles"": ""c1ccccc1"", ""mole_fraction"": 0.7497}]",-4.971213835102176,-0.23191383510217634,0.23191383510217634,-4.9712138351021755,-0.23191383510217545,0.23191383510217545,8.881784197001252e-16,8.881784197001252e-16,False,False,2.6645352591003757e-15,-0.10327127078104237
From VLE - Ter Solv - no water!1939,From VLE - Ter Solv - no water,1939,1937,1937,,,120: 2-Methyl-1-propanol,"InChI=1S/C4H10O/c1-4(2)3-5/h4-5H,3H2,1-2H3",333.15,-4.8662,-10.43052095442749,-5.357314510341767,-4.761767887692092,"[[""InChI=1S/C2H3N/c1-2-3/h1H3"", 0.2214], [""InChI=1S/C2H6O/c1-2-3/h3H,2H2,1H3"", 0.1022], [""InChI=1S/C6H6/c1-2-4-6-5-3-1/h1-6H"", 0.6764]]","[""3: Acetonitrile"", ""11: Ethanol"", ""31: Benzene""]","{""solute_inchi"": ""A1939"", ""solute_name"": ""B1939"", ""solvent1_inchi"": ""C1939"", ""solvent1_name"": ""D1939"", ""solvent2_inchi"": ""E1939"", ""solvent2_name"": ""F1939"", ""solvent3_inchi"": ""G1939"", ""solvent3_name"": ""H1939"", ""frac_solvent1"": ""I1939"", ""frac_solvent2"": ""J1939"", ""temperature_kelvin"": ""K1939"", ""experimental_gsolv"": ""M1939""}",CC(C)CO,"[{""canonical_smiles"": ""CC#N"", ""mole_fraction"": 0.2214}, {""canonical_smiles"": ""CCO"", ""mole_fraction"": 0.1022}, {""canonical_smiles"": ""c1ccccc1"", ""mole_fraction"": 0.6764}]",-4.866967452598045,-0.0007674525980450042,0.0007674525980450042,-4.866967452598045,-0.0007674525980450042,0.0007674525980450042,0.0,0.0,False,False,2.6645352591003757e-15,-0.10519956490595295
From VLE - Ter Solv - no water!1973,From VLE - Ter Solv - no water,1973,1971,1971,,,3: Acetonitrile,InChI=1S/C2H3N/c1-2-3/h1H3,333.15,-3.8695,-6.956958149127249,-3.870861017348143,-3.508582299882878,"[[""InChI=1S/C6H6/c1-2-4-6-5-3-1/h1-6H"", 0.7085], [""InChI=1S/C3H8O/c1-3(2)4/h3-4H,1-2H3"", 0.2134], [""InChI=1S/C4H10O/c1-4(2)3-5/h4-5H,3H2,1-2H3"", 0.07809999999999997]]","[""31: Benzene"", ""95: 2-Propanol"", ""120: 2-Methyl-1-propanol""]","{""solute_inchi"": ""A1973"", ""solute_name"": ""B1973"", ""solvent1_inchi"": ""C1973"", ""solvent1_name"": ""D1973"", ""solvent2_inchi"": ""E1973"", ""solvent2_name"": ""F1973"", ""solvent3_inchi"": ""G1973"", ""solvent3_name"": ""H1973"", ""frac_solvent1"": ""I1973"", ""frac_solvent2"": ""J1973"", ""temperature_kelvin"": ""K1973"", ""experimental_gsolv"": ""M1973""}",CC#N,"[{""canonical_smiles"": ""CC(C)CO"", ""mole_fraction"": 0.07809999999999997}, {""canonical_smiles"": ""CC(C)O"", ""mole_fraction"": 0.2134}, {""canonical_smiles"": ""c1ccccc1"", ""mole_fraction"": 0.7085}]",-3.624113958902148,0.24538604109785211,0.24538604109785211,-3.6241139589021487,0.24538604109785123,0.24538604109785123,-8.881784197001252e-16,8.881784197001252e-16,False,False,3.552713678800501e-15,-0.11553165901926965
From VLE - Ter Solv - no water!2007,From VLE - Ter Solv - no water,2007,2005,2005,,,3: Acetonitrile,InChI=1S/C2H3N/c1-2-3/h1H3,333.15,-3.9603,-6.58542596802657,-3.791487730197224,-3.463505713346554,"[[""InChI=1S/C6H6/c1-2-4-6-5-3-1/h1-6H"", 0.5356], [""InChI=1S/C3H8O/c1-3(2)4/h3-4H,1-2H3"", 0.3157], [""InChI=1S/C4H10O/c1-4(2)3-5/h4-5H,3H2,1-2H3"", 0.14870000000000005]]","[""31: Benzene"", ""95: 2-Propanol"", ""120: 2-Methyl-1-propanol""]","{""solute_inchi"": ""A2007"", ""solute_name"": ""B2007"", ""solvent1_inchi"": ""C2007"", ""solvent1_name"": ""D2007"", ""solvent2_inchi"": ""E2007"", ""solvent2_name"": ""F2007"", ""solvent3_inchi"": ""G2007"", ""solvent3_name"": ""H2007"", ""frac_solvent1"": ""I2007"", ""frac_solvent2"": ""J2007"", ""temperature_kelvin"": ""K2007"", ""experimental_gsolv"": ""M2007""}",CC#N,"[{""canonical_smiles"": ""CC(C)CO"", ""mole_fraction"": 0.14870000000000005}, {""canonical_smiles"": ""CC(C)O"", ""mole_fraction"": 0.3157}, {""canonical_smiles"": ""c1ccccc1"", ""mole_fraction"": 0.5356}]",-3.602072855713646,0.35822714428635427,0.35822714428635427,-3.602072855713646,0.35822714428635427,0.35822714428635427,0.0,0.0,False,False,2.6645352591003757e-15,-0.138567142367092
From VLE - Ter Solv - no water!2041,From VLE - Ter Solv - no water,2041,2039,2039,,,3: Acetonitrile,InChI=1S/C2H3N/c1-2-3/h1H3,333.15,-3.8669,-7.407182536835068,-4.00714598569166,-3.608013739204928,"[[""InChI=1S/C4H10O/c1-3-4(2)5/h4-5H,3H2,1-2H3"", 0.0737], [""InChI=1S/C6H6/c1-2-4-6-5-3-1/h1-6H"", 0.8394], [""InChI=1S/CH4O/c1-2/h2H,1H3"", 0.08689999999999998]]","[""22: 2-Butanol"", ""31: Benzene"", ""110: Methanol""]","{""solute_inchi"": ""A2041"", ""solute_name"": ""B2041"", ""solvent1_inchi"": ""C2041"", ""solvent1_name"": ""D2041"", ""solvent2_inchi"": ""E2041"", ""solvent2_name"": ""F2041"", ""solvent3_inchi"": ""G2041"", ""solvent3_name"": ""H2041"", ""frac_solvent1"": ""I2041"", ""frac_solvent2"": ""J2041"", ""temperature_kelvin"": ""K2041"", ""experimental_gsolv"": ""M2041""}",CC#N,"[{""canonical_smiles"": ""CCC(C)O"", ""mole_fraction"": 0.0737}, {""canonical_smiles"": ""CO"", ""mole_fraction"": 0.08689999999999998}, {""canonical_smiles"": ""c1ccccc1"", ""mole_fraction"": 0.8394}]",-3.7387165272984206,0.12818347270157915,0.12818347270157915,-3.738716527298421,0.1281834727015787,0.1281834727015787,-4.440892098500626e-16,4.440892098500626e-16,False,False,3.9968028886505635e-15,-0.13070278809349256
From VLE - Ter Solv - no water!2075,From VLE - Ter Solv - no water,2075,2073,2073,,,22: 2-Butanol,"InChI=1S/C4H10O/c1-3-4(2)5/h4-5H,3H2,1-2H3",333.15,-4.7027,-10.78822765711007,-5.410768170564813,-4.77950510825026,"[[""InChI=1S/C2H3N/c1-2-3/h1H3"", 0.1773], [""InChI=1S/C2H6O/c1-2-3/h3H,2H2,1H3"", 0.2505], [""InChI=1S/C6H6/c1-2-4-6-5-3-1/h1-6H"", 0.5722]]","[""3: Acetonitrile"", ""11: Ethanol"", ""31: Benzene""]","{""solute_inchi"": ""A2075"", ""solute_name"": ""B2075"", ""solvent1_inchi"": ""C2075"", ""solvent1_name"": ""D2075"", ""solvent2_inchi"": ""E2075"", ""solvent2_name"": ""F2075"", ""solvent3_inchi"": ""G2075"", ""solvent3_name"": ""H2075"", ""frac_solvent1"": ""I2075"", ""frac_solvent2"": ""J2075"", ""temperature_kelvin"": ""K2075"", ""experimental_gsolv"": ""M2075""}",CCC(C)O,"[{""canonical_smiles"": ""CC#N"", ""mole_fraction"": 0.1773}, {""canonical_smiles"": ""CCO"", ""mole_fraction"": 0.2505}, {""canonical_smiles"": ""c1ccccc1"", ""mole_fraction"": 0.5722}]",-4.888987060574516,-0.18628706057451616,0.18628706057451616,-4.888987060574516,-0.18628706057451616,0.18628706057451616,0.0,0.0,False,False,3.552713678800501e-15,-0.1094819523242565
From VLE - Ter Solv - no water!2109,From VLE - Ter Solv - no water,2109,2107,2107,,,3: Acetonitrile,InChI=1S/C2H3N/c1-2-3/h1H3,333.15,-3.9133,-6.730378076763611,-3.815125326861742,-3.472902129657094,"[[""InChI=1S/C2H6O/c1-2-3/h3H,2H2,1H3"", 0.0821], [""InChI=1S/C4H10O/c1-3-4(2)5/h4-5H,3H2,1-2H3"", 0.3128], [""InChI=1S/C6H6/c1-2-4-6-5-3-1/h1-6H"", 0.6051]]","[""11: Ethanol"", ""22: 2-Butanol"", ""31: Benzene""]","{""solute_inchi"": ""A2109"", ""solute_name"": ""B2109"", ""solvent1_inchi"": ""C2109"", ""solvent1_name"": ""D2109"", ""solvent2_inchi"": ""E2109"", ""solvent2_name"": ""F2109"", ""solvent3_inchi"": ""G2109"", ""solvent3_name"": ""H2109"", ""frac_solvent1"": ""I2109"", ""frac_solvent2"": ""J2109"", ""temperature_kelvin"": ""K2109"", ""experimental_gsolv"": ""M2109""}",CC#N,"[{""canonical_smiles"": ""CCC(C)O"", ""mole_fraction"": 0.3128}, {""canonical_smiles"": ""CCO"", ""mole_fraction"": 0.0821}, {""canonical_smiles"": ""c1ccccc1"", ""mole_fraction"": 0.6051}]",-3.6065315637279065,0.3067684362720935,0.3067684362720935,-3.6065315637279065,0.3067684362720935,0.3067684362720935,0.0,0.0,False,False,1.7763568394002505e-15,-0.13362943407081262
From VLE - Ter Solv - no water!2143,From VLE - Ter Solv - no water,2143,2141,2141,,,3: Acetonitrile,InChI=1S/C2H3N/c1-2-3/h1H3,328.15,-4.2916,-7.258041712837931,-4.230383617442109,-3.925739167125574,"[[""InChI=1S/C3H6O/c1-3(2)4/h1-2H3"", 0.3573], [""InChI=1S/C6H6/c1-2-4-6-5-3-1/h1-6H"", 0.2807], [""InChI=1S/CH4O/c1-2/h2H,1H3"", 0.36200000000000004]]","[""4: Acetone"", ""31: Benzene"", ""110: Methanol""]","{""solute_inchi"": ""A2143"", ""solute_name"": ""B2143"", ""solvent1_inchi"": ""C2143"", ""solvent1_name"": ""D2143"", ""solvent2_inchi"": ""E2143"", ""solvent2_name"": ""F2143"", ""solvent3_inchi"": ""G2143"", ""solvent3_name"": ""H2143"", ""frac_solvent1"": ""I2143"", ""frac_solvent2"": ""J2143"", ""temperature_kelvin"": ""K2143"", ""experimental_gsolv"": ""M2143""}",CC#N,"[{""canonical_smiles"": ""CC(C)=O"", ""mole_fraction"": 0.3573}, {""canonical_smiles"": ""CO"", ""mole_fraction"": 0.36200000000000004}, {""canonical_smiles"": ""c1ccccc1"", ""mole_fraction"": 0.2807}]",-4.043109148256574,0.24849085174342544,0.24849085174342544,-4.043109148256575,0.24849085174342456,0.24849085174342456,-8.881784197001252e-16,8.881784197001252e-16,False,False,2.6645352591003757e-15,-0.1173699811310005
From VLE - Ter Solv - no water!2177,From VLE - Ter Solv - no water,2177,2175,2175,,,91: Heptane,"InChI=1S/C7H16/c1-3-5-7-6-4-2/h3-7H2,1-2H3",323.15,-4.4332,-7.59427513312612,-4.59247104993282,-4.340768544214783,"[[""InChI=1S/C4H9Cl/c1-2-3-4-5/h2-4H2,1H3"", 0.1579], [""InChI=1S/C7H14/c1-7-5-3-2-4-6-7/h7H,2-6H2,1H3"", 0.0837], [""InChI=1S/C7H8/c1-7-5-3-2-4-6-7/h2-6H,1H3"", 0.7584]]","[""46: Butyl chloride"", ""53: Methylcyclohexane"", ""161: Toluene""]","{""solute_inchi"": ""A2177"", ""solute_name"": ""B2177"", ""solvent1_inchi"": ""C2177"", ""solvent1_name"": ""D2177"", ""solvent2_inchi"": ""E2177"", ""solvent2_name"": ""F2177"", ""solvent3_inchi"": ""G2177"", ""solvent3_name"": ""H2177"", ""frac_solvent1"": ""I2177"", ""frac_solvent2"": ""J2177"", ""temperature_kelvin"": ""K2177"", ""experimental_gsolv"": ""M2177""}",CCCCCCC,"[{""canonical_smiles"": ""CC1CCCCC1"", ""mole_fraction"": 0.0837}, {""canonical_smiles"": ""CCCCCl"", ""mole_fraction"": 0.1579}, {""canonical_smiles"": ""Cc1ccccc1"", ""mole_fraction"": 0.7584}]",-4.35830777857125,0.07489222142875018,0.07489222142875018,-4.35830777857125,0.07489222142875018,0.07489222142875018,0.0,0.0,False,False,1.7763568394002505e-15,-0.01753923435646687
From VLE - Ter Solv - no water!2211,From VLE - Ter Solv - no water,2211,2209,2209,,,91: Heptane,"InChI=1S/C7H16/c1-3-5-7-6-4-2/h3-7H2,1-2H3",323.15,-4.4666,-7.794878169559077,-4.674658585250911,-4.413026891111369,"[[""InChI=1S/C4H9Cl/c1-2-3-4-5/h2-4H2,1H3"", 0.5657], [""InChI=1S/C7H14/c1-7-5-3-2-4-6-7/h7H,2-6H2,1H3"", 0.1806], [""InChI=1S/C7H8/c1-7-5-3-2-4-6-7/h2-6H,1H3"", 0.25370000000000004]]","[""46: Butyl chloride"", ""53: Methylcyclohexane"", ""161: Toluene""]","{""solute_inchi"": ""A2211"", ""solute_name"": ""B2211"", ""solvent1_inchi"": ""C2211"", ""solvent1_name"": ""D2211"", ""solvent2_inchi"": ""E2211"", ""solvent2_name"": ""F2211"", ""solvent3_inchi"": ""G2211"", ""solvent3_name"": ""H2211"", ""frac_solvent1"": ""I2211"", ""frac_solvent2"": ""J2211"", ""temperature_kelvin"": ""K2211"", ""experimental_gsolv"": ""M2211""}",CCCCCCC,"[{""canonical_smiles"": ""CC1CCCCC1"", ""mole_fraction"": 0.1806}, {""canonical_smiles"": ""CCCCCl"", ""mole_fraction"": 0.5657}, {""canonical_smiles"": ""Cc1ccccc1"", ""mole_fraction"": 0.25370000000000004}]",-4.4053865213365135,0.06121347866348614,0.06121347866348614,-4.4053865213365135,0.06121347866348614,0.06121347866348614,0.0,0.0,False,False,1.7763568394002505e-15,0.007640369774855493
From VLE - Ter Solv - no water!2245,From VLE - Ter Solv - no water,2245,2243,2243,,,161: Toluene,"InChI=1S/C7H8/c1-7-5-3-2-4-6-7/h2-6H,1H3",323.15,-4.5967,-8.28579708750542,-4.744032320761384,-4.447053889875584,"[[""InChI=1S/C7H14/c1-7-5-3-2-4-6-7/h7H,2-6H2,1H3"", 0.3125], [""InChI=1S/C7H16/c1-3-5-7-6-4-2/h3-7H2,1-2H3"", 0.6198], [""InChI=1S/C4H9Cl/c1-3-4(2)5/h4H,3H2,1-2H3"", 0.06769999999999998]]","[""53: Methylcyclohexane"", ""91: Heptane"", ""920: sec-Butyl chloride""]","{""solute_inchi"": ""A2245"", ""solute_name"": ""B2245"", ""solvent1_inchi"": ""C2245"", ""solvent1_name"": ""D2245"", ""solvent2_inchi"": ""E2245"", ""solvent2_name"": ""F2245"", ""solvent3_inchi"": ""G2245"", ""solvent3_name"": ""H2245"", ""frac_solvent1"": ""I2245"", ""frac_solvent2"": ""J2245"", ""temperature_kelvin"": ""K2245"", ""experimental_gsolv"": ""M2245""}",Cc1ccccc1,"[{""canonical_smiles"": ""CC1CCCCC1"", ""mole_fraction"": 0.3125}, {""canonical_smiles"": ""CCC(C)Cl"", ""mole_fraction"": 0.06769999999999998}, {""canonical_smiles"": ""CCCCCCC"", ""mole_fraction"": 0.6198}]",-4.531314181583034,0.06538581841696622,0.06538581841696622,-4.531314181583034,0.06538581841696622,0.06538581841696622,0.0,0.0,False,False,2.6645352591003757e-15,-0.08426029170744975
From VLE - Ter Solv - no water!2279,From VLE - Ter Solv - no water,2279,2277,2277,,,920: sec-Butyl chloride,"InChI=1S/C4H9Cl/c1-3-4(2)5/h4H,3H2,1-2H3",323.15,-3.8678,-7.3828122276694,-4.096576191143857,-3.821023949275204,"[[""InChI=1S/C7H14/c1-7-5-3-2-4-6-7/h7H,2-6H2,1H3"", 0.0402], [""InChI=1S/C7H16/c1-3-5-7-6-4-2/h3-7H2,1-2H3"", 0.0913], [""InChI=1S/C7H8/c1-7-5-3-2-4-6-7/h2-6H,1H3"", 0.8684999999999999]]","[""53: Methylcyclohexane"", ""91: Heptane"", ""161: Toluene""]","{""solute_inchi"": ""A2279"", ""solute_name"": ""B2279"", ""solvent1_inchi"": ""C2279"", ""solvent1_name"": ""D2279"", ""solvent2_inchi"": ""E2279"", ""solvent2_name"": ""F2279"", ""solvent3_inchi"": ""G2279"", ""solvent3_name"": ""H2279"", ""frac_solvent1"": ""I2279"", ""frac_solvent2"": ""J2279"", ""temperature_kelvin"": ""K2279"", ""experimental_gsolv"": ""M2279""}",CCC(C)Cl,"[{""canonical_smiles"": ""CC1CCCCC1"", ""mole_fraction"": 0.0402}, {""canonical_smiles"": ""CCCCCCC"", ""mole_fraction"": 0.0913}, {""canonical_smiles"": ""Cc1ccccc1"", ""mole_fraction"": 0.8684999999999999}]",-3.8610365878693536,0.006763412130646351,0.006763412130646351,-3.8610365878693527,0.0067634121306472395,0.0067634121306472395,8.881784197001252e-16,8.881784197001252e-16,True,False,2.220446049250313e-15,-0.0400126385941495
From VLE - Ter Solv - no water!2313,From VLE - Ter Solv - no water,2313,2311,2311,,,91: Heptane,"InChI=1S/C7H16/c1-3-5-7-6-4-2/h3-7H2,1-2H3",323.15,-4.4028,-7.792491031448909,-4.653749367648187,-4.390564589533083,"[[""InChI=1S/C7H14/c1-7-5-3-2-4-6-7/h7H,2-6H2,1H3"", 0.2151], [""InChI=1S/C7H8/c1-7-5-3-2-4-6-7/h2-6H,1H3"", 0.1246], [""InChI=1S/C4H9Cl/c1-4(2,3)5/h1-3H3"", 0.6602999999999999]]","[""53: Methylcyclohexane"", ""161: Toluene"", ""219: tert-Butyl chloride""]","{""solute_inchi"": ""A2313"", ""solute_name"": ""B2313"", ""solvent1_inchi"": ""C2313"", ""solvent1_name"": ""D2313"", ""solvent2_inchi"": ""E2313"", ""solvent2_name"": ""F2313"", ""solvent3_inchi"": ""G2313"", ""solvent3_name"": ""H2313"", ""frac_solvent1"": ""I2313"", ""frac_solvent2"": ""J2313"", ""temperature_kelvin"": ""K2313"", ""experimental_gsolv"": ""M2313""}",CCCCCCC,"[{""canonical_smiles"": ""CC(C)(C)Cl"", ""mole_fraction"": 0.6603}, {""canonical_smiles"": ""CC1CCCCC1"", ""mole_fraction"": 0.21510000000000004}, {""canonical_smiles"": ""Cc1ccccc1"", ""mole_fraction"": 0.12460000000000002}]",-4.3794245782324035,0.02337542176759655,0.02337542176759655,-4.3794245782324035,0.02337542176759655,0.02337542176759655,0.0,0.0,False,False,2.6645352591003757e-15,0.011140011300679653
From VLE - Ter Solv - no water!2347,From VLE - Ter Solv - no water,2347,2345,2345,,,53: Methylcyclohexane,"InChI=1S/C7H14/c1-7-5-3-2-4-6-7/h7H,2-6H2,1H3",323.15,-4.5197,-7.951401765665824,-4.741783728542677,-4.472655937403724,"[[""InChI=1S/C7H16/c1-3-5-7-6-4-2/h3-7H2,1-2H3"", 0.2373], [""InChI=1S/C7H8/c1-7-5-3-2-4-6-7/h2-6H,1H3"", 0.5847], [""InChI=1S/C4H9Cl/c1-4(2,3)5/h1-3H3"", 0.17799999999999994]]","[""91: Heptane"", ""161: Toluene"", ""219: tert-Butyl chloride""]","{""solute_inchi"": ""A2347"", ""solute_name"": ""B2347"", ""solvent1_inchi"": ""C2347"", ""solvent1_name"": ""D2347"", ""solvent2_inchi"": ""E2347"", ""solvent2_name"": ""F2347"", ""solvent3_inchi"": ""G2347"", ""solvent3_name"": ""H2347"", ""frac_solvent1"": ""I2347"", ""frac_solvent2"": ""J2347"", ""temperature_kelvin"": ""K2347"", ""experimental_gsolv"": ""M2347""}",CC1CCCCC1,"[{""canonical_smiles"": ""CC(C)(C)Cl"", ""mole_fraction"": 0.17799999999999994}, {""canonical_smiles"": ""CCCCCCC"", ""mole_fraction"": 0.2373}, {""canonical_smiles"": ""Cc1ccccc1"", ""mole_fraction"": 0.5847}]",-4.465314627832334,0.05438537216766637,0.05438537216766637,-4.465314627832333,0.054385372167667256,0.054385372167667256,8.881784197001252e-16,8.881784197001252e-16,True,False,2.6645352591003757e-15,0.00734130957139012
From VLE - Ter Solv - no water!2381,From VLE - Ter Solv - no water,2381,2379,2379,,,4: Acetone,InChI=1S/C3H6O/c1-3(2)4/h1-2H3,318.15,-4.1201,-7.511112475526342,-4.312195323609241,-4.097610909595013,"[[""InChI=1S/C2H3N/c1-2-3/h1H3"", 0.6608], [""InChI=1S/C2H6O/c1-2-3/h3H,2H2,1H3"", 0.0718], [""InChI=1S/C6H6/c1-2-4-6-5-3-1/h1-6H"", 0.26739999999999997]]","[""3: Acetonitrile"", ""11: Ethanol"", ""31: Benzene""]","{""solute_inchi"": ""A2381"", ""solute_name"": ""B2381"", ""solvent1_inchi"": ""C2381"", ""solvent1_name"": ""D2381"", ""solvent2_inchi"": ""E2381"", ""solvent2_name"": ""F2381"", ""solvent3_inchi"": ""G2381"", ""solvent3_name"": ""H2381"", ""frac_solvent1"": ""I2381"", ""frac_solvent2"": ""J2381"", ""temperature_kelvin"": ""K2381"", ""experimental_gsolv"": ""M2381""}",CC(C)=O,"[{""canonical_smiles"": ""CC#N"", ""mole_fraction"": 0.6608}, {""canonical_smiles"": ""CCO"", ""mole_fraction"": 0.0718}, {""canonical_smiles"": ""c1ccccc1"", ""mole_fraction"": 0.26739999999999997}]",-4.156242368790364,-0.036142368790364365,0.036142368790364365,-4.156242368790364,-0.036142368790364365,0.036142368790364365,0.0,0.0,False,False,2.6645352591003757e-15,-0.05863145919535118
From VLE - Ter Solv - no water!2415,From VLE - Ter Solv - no water,2415,2413,2413,,,4: Acetone,InChI=1S/C3H6O/c1-3(2)4/h1-2H3,318.15,-4.1256,-7.333337312443757,-4.236517922343616,-4.028782259750951,"[[""InChI=1S/C2H3N/c1-2-3/h1H3"", 0.448], [""InChI=1S/C2H6O/c1-2-3/h3H,2H2,1H3"", 0.2749], [""InChI=1S/C6H6/c1-2-4-6-5-3-1/h1-6H"", 0.27710000000000007]]","[""3: Acetonitrile"", ""11: Ethanol"", ""31: Benzene""]","{""solute_inchi"": ""A2415"", ""solute_name"": ""B2415"", ""solvent1_inchi"": ""C2415"", ""solvent1_name"": ""D2415"", ""solvent2_inchi"": ""E2415"", ""solvent2_name"": ""F2415"", ""solvent3_inchi"": ""G2415"", ""solvent3_name"": ""H2415"", ""frac_solvent1"": ""I2415"", ""frac_solvent2"": ""J2415"", ""temperature_kelvin"": ""K2415"", ""experimental_gsolv"": ""M2415""}",CC(C)=O,"[{""canonical_smiles"": ""CC#N"", ""mole_fraction"": 0.448}, {""canonical_smiles"": ""CCO"", ""mole_fraction"": 0.2749}, {""canonical_smiles"": ""c1ccccc1"", ""mole_fraction"": 0.27710000000000007}]",-4.08539344108902,0.04020655891098013,0.04020655891098013,-4.085393441089019,0.040206558910981016,0.040206558910981016,8.881784197001252e-16,8.881784197001252e-16,True,False,3.552713678800501e-15,-0.056611181338069194
From VLE - Ter Solv - no water!2449,From VLE - Ter Solv - no water,2449,2447,2447,,,47: Chloroform,InChI=1S/CHCl3/c2-1(3)4/h1H,330.85,-3.9964,-7.944260084617662,-4.194756724594809,-3.783524928945816,"[[""InChI=1S/C3H6O/c1-3(2)4/h1-2H3"", 0.0981], [""InChI=1S/C6H6/c1-2-4-6-5-3-1/h1-6H"", 0.3236], [""InChI=1S/CH4O/c1-2/h2H,1H3"", 0.5783]]","[""4: Acetone"", ""31: Benzene"", ""110: Methanol""]","{""solute_inchi"": ""A2449"", ""solute_name"": ""B2449"", ""solvent1_inchi"": ""C2449"", ""solvent1_name"": ""D2449"", ""solvent2_inchi"": ""E2449"", ""solvent2_name"": ""F2449"", ""solvent3_inchi"": ""G2449"", ""solvent3_name"": ""H2449"", ""frac_solvent1"": ""I2449"", ""frac_solvent2"": ""J2449"", ""temperature_kelvin"": ""K2449"", ""experimental_gsolv"": ""M2449""}",ClC(Cl)Cl,"[{""canonical_smiles"": ""CC(C)=O"", ""mole_fraction"": 0.0981}, {""canonical_smiles"": ""CO"", ""mole_fraction"": 0.5783}, {""canonical_smiles"": ""c1ccccc1"", ""mole_fraction"": 0.3236}]",-3.70594254808909,0.29045745191091,0.29045745191091,-3.70594254808909,0.29045745191091,0.29045745191091,0.0,0.0,False,False,2.6645352591003757e-15,0.0775823808567262
From VLE - Ter Solv - no water!2483,From VLE - Ter Solv - no water,2483,2481,2481,,,4: Acetone,InChI=1S/C3H6O/c1-3(2)4/h1-2H3,330.96,-3.9628,-7.147138183637845,-4.268643614180712,-3.95187887554617,"[[""InChI=1S/C6H6/c1-2-4-6-5-3-1/h1-6H"", 0.3853], [""InChI=1S/CHCl3/c2-1(3)4/h1H"", 0.023], [""InChI=1S/CH4O/c1-2/h2H,1H3"", 0.5917]]","[""31: Benzene"", ""47: Chloroform"", ""110: Methanol""]","{""solute_inchi"": ""A2483"", ""solute_name"": ""B2483"", ""solvent1_inchi"": ""C2483"", ""solvent1_name"": ""D2483"", ""solvent2_inchi"": ""E2483"", ""solvent2_name"": ""F2483"", ""solvent3_inchi"": ""G2483"", ""solvent3_name"": ""H2483"", ""frac_solvent1"": ""I2483"", ""frac_solvent2"": ""J2483"", ""temperature_kelvin"": ""K2483"", ""experimental_gsolv"": ""M2483""}",CC(C)=O,"[{""canonical_smiles"": ""CO"", ""mole_fraction"": 0.5917}, {""canonical_smiles"": ""ClC(Cl)Cl"", ""mole_fraction"": 0.023}, {""canonical_smiles"": ""c1ccccc1"", ""mole_fraction"": 0.3853}]",-4.027770172971655,-0.06497017297165497,0.06497017297165497,-4.027770172971655,-0.06497017297165497,0.06497017297165497,0.0,0.0,False,False,1.7763568394002505e-15,-0.07589129742548506
From VLE - Ter Solv - no water!2517,From VLE - Ter Solv - no water,2517,2515,2515,,,31: Benzene,InChI=1S/C6H6/c1-2-4-6-5-3-1/h1-6H,330.34,-4.1126,-7.693955978603863,-4.133839816842676,-3.749469066391249,"[[""InChI=1S/C3H6O/c1-3(2)4/h1-2H3"", 0.3171], [""InChI=1S/CHCl3/c2-1(3)4/h1H"", 0.0237], [""InChI=1S/CH4O/c1-2/h2H,1H3"", 0.6592]]","[""4: Acetone"", ""47: Chloroform"", ""110: Methanol""]","{""solute_inchi"": ""A2517"", ""solute_name"": ""B2517"", ""solvent1_inchi"": ""C2517"", ""solvent1_name"": ""D2517"", ""solvent2_inchi"": ""E2517"", ""solvent2_name"": ""F2517"", ""solvent3_inchi"": ""G2517"", ""solvent3_name"": ""H2517"", ""frac_solvent1"": ""I2517"", ""frac_solvent2"": ""J2517"", ""temperature_kelvin"": ""K2517"", ""experimental_gsolv"": ""M2517""}",c1ccccc1,"[{""canonical_smiles"": ""CC(C)=O"", ""mole_fraction"": 0.3171}, {""canonical_smiles"": ""CO"", ""mole_fraction"": 0.6592}, {""canonical_smiles"": ""ClC(Cl)Cl"", ""mole_fraction"": 0.0237}]",-3.7325134192354326,0.38008658076456703,0.38008658076456703,-3.7325134192354334,0.38008658076456614,0.38008658076456614,-8.881784197001252e-16,8.881784197001252e-16,False,False,3.552713678800501e-15,0.016955647155816322
From VLE - Ter Solv - no water!2551,From VLE - Ter Solv - no water,2551,2549,2549,,,4: Acetone,InChI=1S/C3H6O/c1-3(2)4/h1-2H3,330.45,-3.9666,-7.103321797642556,-4.265552067978685,-3.958123048129136,"[[""InChI=1S/C6H6/c1-2-4-6-5-3-1/h1-6H"", 0.3095], [""InChI=1S/CHCl3/c2-1(3)4/h1H"", 0.0332], [""InChI=1S/CH4O/c1-2/h2H,1H3"", 0.6573]]","[""31: Benzene"", ""47: Chloroform"", ""110: Methanol""]","{""solute_inchi"": ""A2551"", ""solute_name"": ""B2551"", ""solvent1_inchi"": ""C2551"", ""solvent1_name"": ""D2551"", ""solvent2_inchi"": ""E2551"", ""solvent2_name"": ""F2551"", ""solvent3_inchi"": ""G2551"", ""solvent3_name"": ""H2551"", ""frac_solvent1"": ""I2551"", ""frac_solvent2"": ""J2551"", ""temperature_kelvin"": ""K2551"", ""experimental_gsolv"": ""M2551""}",CC(C)=O,"[{""canonical_smiles"": ""CO"", ""mole_fraction"": 0.6573}, {""canonical_smiles"": ""ClC(Cl)Cl"", ""mole_fraction"": 0.0332}, {""canonical_smiles"": ""c1ccccc1"", ""mole_fraction"": 0.3095}]",-4.040774823437597,-0.07417482343759696,0.07417482343759696,-4.040774823437597,-0.07417482343759696,0.07417482343759696,0.0,0.0,False,False,2.6645352591003757e-15,-0.08265177530846124
From VLE - Ter Solv - no water!2585,From VLE - Ter Solv - no water,2585,2583,2583,,,47: Chloroform,InChI=1S/CHCl3/c2-1(3)4/h1H,330.12,-4.1035,-8.099163279510014,-4.319499236529909,-3.914213778022197,"[[""InChI=1S/C3H6O/c1-3(2)4/h1-2H3"", 0.3537], [""InChI=1S/C6H6/c1-2-4-6-5-3-1/h1-6H"", 0.1552], [""InChI=1S/CH4O/c1-2/h2H,1H3"", 0.4911]]","[""4: Acetone"", ""31: Benzene"", ""110: Methanol""]","{""solute_inchi"": ""A2585"", ""solute_name"": ""B2585"", ""solvent1_inchi"": ""C2585"", ""solvent1_name"": ""D2585"", ""solvent2_inchi"": ""E2585"", ""solvent2_name"": ""F2585"", ""solvent3_inchi"": ""G2585"", ""solvent3_name"": ""H2585"", ""frac_solvent1"": ""I2585"", ""frac_solvent2"": ""J2585"", ""temperature_kelvin"": ""K2585"", ""experimental_gsolv"": ""M2585""}",ClC(Cl)Cl,"[{""canonical_smiles"": ""CC(C)=O"", ""mole_fraction"": 0.3537}, {""canonical_smiles"": ""CO"", ""mole_fraction"": 0.4911}, {""canonical_smiles"": ""c1ccccc1"", ""mole_fraction"": 0.1552}]",-3.8107088670423854,0.29279113295761494,0.29279113295761494,-3.8107088670423854,0.29279113295761494,0.29279113295761494,0.0,0.0,False,False,2.220446049250313e-15,0.10350491097981163
From VLE - Ter Solv - no water!2619,From VLE - Ter Solv - no water,2619,2617,2617,,,110: Methanol,"InChI=1S/CH4O/c1-2/h2H,1H3",329.12,-3.7607,-7.865296492784284,-3.949038338824927,-3.542241374115481,"[[""InChI=1S/C3H6O/c1-3(2)4/h1-2H3"", 0.8714], [""InChI=1S/C6H6/c1-2-4-6-5-3-1/h1-6H"", 0.1024], [""InChI=1S/CHCl3/c2-1(3)4/h1H"", 0.026200000000000043]]","[""4: Acetone"", ""31: Benzene"", ""47: Chloroform""]","{""solute_inchi"": ""A2619"", ""solute_name"": ""B2619"", ""solvent1_inchi"": ""C2619"", ""solvent1_name"": ""D2619"", ""solvent2_inchi"": ""E2619"", ""solvent2_name"": ""F2619"", ""solvent3_inchi"": ""G2619"", ""solvent3_name"": ""H2619"", ""frac_solvent1"": ""I2619"", ""frac_solvent2"": ""J2619"", ""temperature_kelvin"": ""K2619"", ""experimental_gsolv"": ""M2619""}",CO,"[{""canonical_smiles"": ""CC(C)=O"", ""mole_fraction"": 0.8714}, {""canonical_smiles"": ""ClC(Cl)Cl"", ""mole_fraction"": 0.026200000000000043}, {""canonical_smiles"": ""c1ccccc1"", ""mole_fraction"": 0.1024}]",-3.5311618561914857,0.22953814380851423,0.22953814380851423,-3.5311618561914857,0.22953814380851423,0.22953814380851423,0.0,0.0,False,False,2.220446049250313e-15,0.011079517923995308
From VLE - Ter Solv - no water!2653,From VLE - Ter Solv - no water,2653,2651,2651,,,110: Methanol,"InChI=1S/CH4O/c1-2/h2H,1H3",332.52,-3.2217,-6.701329338748984,-3.133751107346209,-2.722489447734223,"[[""InChI=1S/C3H6O/c1-3(2)4/h1-2H3"", 0.1359], [""InChI=1S/C6H6/c1-2-4-6-5-3-1/h1-6H"", 0.5364], [""InChI=1S/CHCl3/c2-1(3)4/h1H"", 0.3277]]","[""4: Acetone"", ""31: Benzene"", ""47: Chloroform""]","{""solute_inchi"": ""A2653"", ""solute_name"": ""B2653"", ""solvent1_inchi"": ""C2653"", ""solvent1_name"": ""D2653"", ""solvent2_inchi"": ""E2653"", ""solvent2_name"": ""F2653"", ""solvent3_inchi"": ""G2653"", ""solvent3_name"": ""H2653"", ""frac_solvent1"": ""I2653"", ""frac_solvent2"": ""J2653"", ""temperature_kelvin"": ""K2653"", ""experimental_gsolv"": ""M2653""}",CO,"[{""canonical_smiles"": ""CC(C)=O"", ""mole_fraction"": 0.1359}, {""canonical_smiles"": ""ClC(Cl)Cl"", ""mole_fraction"": 0.3277}, {""canonical_smiles"": ""c1ccccc1"", ""mole_fraction"": 0.5364}]",-2.6948372512013954,0.5268627487986044,0.5268627487986044,-2.694837251201396,0.526862748798604,0.526862748798604,-4.440892098500626e-16,4.440892098500626e-16,False,False,5.329070518200751e-15,0.027652196532827578
From VLE - Ter Solv - no water!2687,From VLE - Ter Solv - no water,2687,2685,2685,,,31: Benzene,InChI=1S/C6H6/c1-2-4-6-5-3-1/h1-6H,331.08,-4.1247,-7.631735382596325,-4.452225792247421,-4.101056076298437,"[[""InChI=1S/C3H6O/c1-3(2)4/h1-2H3"", 0.8629], [""InChI=1S/CHCl3/c2-1(3)4/h1H"", 0.0603], [""InChI=1S/CH4O/c1-2/h2H,1H3"", 0.07680000000000001]]","[""4: Acetone"", ""47: Chloroform"", ""110: Methanol""]","{""solute_inchi"": ""A2687"", ""solute_name"": ""B2687"", ""solvent1_inchi"": ""C2687"", ""solvent1_name"": ""D2687"", ""solvent2_inchi"": ""E2687"", ""solvent2_name"": ""F2687"", ""solvent3_inchi"": ""G2687"", ""solvent3_name"": ""H2687"", ""frac_solvent1"": ""I2687"", ""frac_solvent2"": ""J2687"", ""temperature_kelvin"": ""K2687"", ""experimental_gsolv"": ""M2687""}",c1ccccc1,"[{""canonical_smiles"": ""CC(C)=O"", ""mole_fraction"": 0.8629}, {""canonical_smiles"": ""CO"", ""mole_fraction"": 0.07680000000000001}, {""canonical_smiles"": ""ClC(Cl)Cl"", ""mole_fraction"": 0.0603}]",-4.056147736488457,0.06855226351154275,0.06855226351154275,-4.056147736488457,0.06855226351154275,0.06855226351154275,0.0,0.0,False,False,3.552713678800501e-15,0.04490833980997966
From VLE - Ter Solv - no water!2721,From VLE - Ter Solv - no water,2721,2719,2719,,,47: Chloroform,InChI=1S/CHCl3/c2-1(3)4/h1H,330.8,-3.8998,-7.932908608619738,-4.167983471417437,-3.755691652770262,"[[""InChI=1S/C3H6O/c1-3(2)4/h1-2H3"", 0.0658], [""InChI=1S/C6H6/c1-2-4-6-5-3-1/h1-6H"", 0.3233], [""InChI=1S/CH4O/c1-2/h2H,1H3"", 0.6109]]","[""4: Acetone"", ""31: Benzene"", ""110: Methanol""]","{""solute_inchi"": ""A2721"", ""solute_name"": ""B2721"", ""solvent1_inchi"": ""C2721"", ""solvent1_name"": ""D2721"", ""solvent2_inchi"": ""E2721"", ""solvent2_name"": ""F2721"", ""solvent3_inchi"": ""G2721"", ""solvent3_name"": ""H2721"", ""frac_solvent1"": ""I2721"", ""frac_solvent2"": ""J2721"", ""temperature_kelvin"": ""K2721"", ""experimental_gsolv"": ""M2721""}",ClC(Cl)Cl,"[{""canonical_smiles"": ""CC(C)=O"", ""mole_fraction"": 0.0658}, {""canonical_smiles"": ""CO"", ""mole_fraction"": 0.6109}, {""canonical_smiles"": ""c1ccccc1"", ""mole_fraction"": 0.3233}]",-3.6828902324478507,0.2169097675521492,0.2169097675521492,-3.6828902324478507,0.2169097675521492,0.2169097675521492,0.0,0.0,False,False,3.1086244689504383e-15,0.07280142032241121
From VLE - Ter Solv - no water!2755,From VLE - Ter Solv - no water,2755,2753,2753,,,80: Butyl acetate,"InChI=1S/C6H12O2/c1-3-4-5-8-6(2)7/h3-5H2,1-2H3",333.25,-5.2642,-9.588822368066632,-5.289019087169049,-4.782820545631215,"[[""InChI=1S/C2H6O/c1-2-3/h3H,2H2,1H3"", 0.1876], [""InChI=1S/C4H8O2/c1-3-6-4(2)5/h3H2,1-2H3"", 0.386], [""InChI=1S/C4H10O/c1-2-3-4-5/h5H,2-4H2,1H3"", 0.4264]]","[""11: Ethanol"", ""21: Ethyl acetate"", ""39: 1-Butanol""]","{""solute_inchi"": ""A2755"", ""solute_name"": ""B2755"", ""solvent1_inchi"": ""C2755"", ""solvent1_name"": ""D2755"", ""solvent2_inchi"": ""E2755"", ""solvent2_name"": ""F2755"", ""solvent3_inchi"": ""G2755"", ""solvent3_name"": ""H2755"", ""frac_solvent1"": ""I2755"", ""frac_solvent2"": ""J2755"", ""temperature_kelvin"": ""K2755"", ""experimental_gsolv"": ""M2755""}",CCCCOC(C)=O,"[{""canonical_smiles"": ""CCCCO"", ""mole_fraction"": 0.4264}, {""canonical_smiles"": ""CCO"", ""mole_fraction"": 0.1876}, {""canonical_smiles"": ""CCOC(C)=O"", ""mole_fraction"": 0.386}]",-4.853309389767199,0.4108906102328005,0.4108906102328005,-4.853309389767199,0.4108906102328005,0.4108906102328005,0.0,0.0,False,False,1.7763568394002505e-15,-0.07048884413598433
From VLE - Ter Solv - no water!2789,From VLE - Ter Solv - no water,2789,2787,2787,,,80: Butyl acetate,"InChI=1S/C6H12O2/c1-3-4-5-8-6(2)7/h3-5H2,1-2H3",333.05,-5.2336,-9.665024183951946,-5.326649575247965,-4.818820382412919,"[[""InChI=1S/C2H6O/c1-2-3/h3H,2H2,1H3"", 0.3245], [""InChI=1S/C4H8O2/c1-3-6-4(2)5/h3H2,1-2H3"", 0.4508], [""InChI=1S/C4H10O/c1-2-3-4-5/h5H,2-4H2,1H3"", 0.2247]]","[""11: Ethanol"", ""21: Ethyl acetate"", ""39: 1-Butanol""]","{""solute_inchi"": ""A2789"", ""solute_name"": ""B2789"", ""solvent1_inchi"": ""C2789"", ""solvent1_name"": ""D2789"", ""solvent2_inchi"": ""E2789"", ""solvent2_name"": ""F2789"", ""solvent3_inchi"": ""G2789"", ""solvent3_name"": ""H2789"", ""frac_solvent1"": ""I2789"", ""frac_solvent2"": ""J2789"", ""temperature_kelvin"": ""K2789"", ""experimental_gsolv"": ""M2789""}",CCCCOC(C)=O,"[{""canonical_smiles"": ""CCCCO"", ""mole_fraction"": 0.2247}, {""canonical_smiles"": ""CCO"", ""mole_fraction"": 0.3245}, {""canonical_smiles"": ""CCOC(C)=O"", ""mole_fraction"": 0.4508}]",-4.8785221814542705,0.3550778185457295,0.3550778185457295,-4.8785221814542705,0.3550778185457295,0.3550778185457295,0.0,0.0,False,False,2.6645352591003757e-15,-0.059701799041351755
From VLE - Ter Solv - no water!2823,From VLE - Ter Solv - no water,2823,2821,2821,,,89: Hexane,"InChI=1S/C6H14/c1-3-5-6-4-2/h3-6H2,1-2H3",347.35,-3.4084,-6.497690532477535,-3.483910693167408,-2.986583951278899,"[[""InChI=1S/C3H6O/c1-3(2)4/h1-2H3"", 0.1095], [""InChI=1S/C3H8O/c1-3(2)4/h3-4H,1-2H3"", 0.6024], [""InChI=1S/C7H8/c1-7-5-3-2-4-6-7/h2-6H,1H3"", 0.2880999999999999]]","[""4: Acetone"", ""95: 2-Propanol"", ""161: Toluene""]","{""solute_inchi"": ""A2823"", ""solute_name"": ""B2823"", ""solvent1_inchi"": ""C2823"", ""solvent1_name"": ""D2823"", ""solvent2_inchi"": ""E2823"", ""solvent2_name"": ""F2823"", ""solvent3_inchi"": ""G2823"", ""solvent3_name"": ""H2823"", ""frac_solvent1"": ""I2823"", ""frac_solvent2"": ""J2823"", ""temperature_kelvin"": ""K2823"", ""experimental_gsolv"": ""M2823""}",CCCCCC,"[{""canonical_smiles"": ""CC(C)=O"", ""mole_fraction"": 0.1095}, {""canonical_smiles"": ""CC(C)O"", ""mole_fraction"": 0.6024}, {""canonical_smiles"": ""Cc1ccccc1"", ""mole_fraction"": 0.2880999999999999}]",-2.958579208063563,0.44982079193643676,0.44982079193643676,-2.958579208063563,0.44982079193643676,0.44982079193643676,0.0,0.0,False,False,3.1086244689504383e-15,0.02800474321533608
From VLE - Ter Solv - no water!2857,From VLE - Ter Solv - no water,2857,2855,2855,,,11: Ethanol,"InChI=1S/C2H6O/c1-2-3/h3H,2H2,1H3",342.24,-3.7869,-8.321180671979324,-4.128166331609005,-3.508109305726304,"[[""InChI=1S/C3H6O/c1-3(2)4/h1-2H3"", 0.495], [""InChI=1S/C4H8O2/c1-2-6-4-3-5-1/h1-4H2"", 0.0593], [""InChI=1S/C7H8/c1-7-5-3-2-4-6-7/h2-6H,1H3"", 0.4457]]","[""4: Acetone"", ""75: 1,4-Dioxane"", ""161: Toluene""]","{""solute_inchi"": ""A2857"", ""solute_name"": ""B2857"", ""solvent1_inchi"": ""C2857"", ""solvent1_name"": ""D2857"", ""solvent2_inchi"": ""E2857"", ""solvent2_name"": ""F2857"", ""solvent3_inchi"": ""G2857"", ""solvent3_name"": ""H2857"", ""frac_solvent1"": ""I2857"", ""frac_solvent2"": ""J2857"", ""temperature_kelvin"": ""K2857"", ""experimental_gsolv"": ""M2857""}",CCO,"[{""canonical_smiles"": ""C1COCCO1"", ""mole_fraction"": 0.0593}, {""canonical_smiles"": ""CC(C)=O"", ""mole_fraction"": 0.495}, {""canonical_smiles"": ""Cc1ccccc1"", ""mole_fraction"": 0.4457}]",-3.4842460289063704,0.3026539710936298,0.3026539710936298,-3.4842460289063704,0.3026539710936298,0.3026539710936298,0.0,0.0,False,False,2.220446049250313e-15,0.02386327681993361
From VLE - Ter Solv - no water!2891,From VLE - Ter Solv - no water,2891,2889,2889,,,"75: 1,4-Dioxane",InChI=1S/C4H8O2/c1-2-6-4-3-5-1/h1-4H2,333.11,-4.8322,-8.548935021905605,-4.998540803580029,-4.582234307277288,"[[""InChI=1S/C3H6O/c1-3(2)4/h1-2H3"", 0.8399], [""InChI=1S/C2H6O/c1-2-3/h3H,2H2,1H3"", 0.0759], [""InChI=1S/C7H8/c1-7-5-3-2-4-6-7/h2-6H,1H3"", 0.08420000000000002]]","[""4: Acetone"", ""11: Ethanol"", ""161: Toluene""]","{""solute_inchi"": ""A2891"", ""solute_name"": ""B2891"", ""solvent1_inchi"": ""C2891"", ""solvent1_name"": ""D2891"", ""solvent2_inchi"": ""E2891"", ""solvent2_name"": ""F2891"", ""solvent3_inchi"": ""G2891"", ""solvent3_name"": ""H2891"", ""frac_solvent1"": ""I2891"", ""frac_solvent2"": ""J2891"", ""temperature_kelvin"": ""K2891"", ""experimental_gsolv"": ""M2891""}",C1COCCO1,"[{""canonical_smiles"": ""CC(C)=O"", ""mole_fraction"": 0.8399}, {""canonical_smiles"": ""CCO"", ""mole_fraction"": 0.0759}, {""canonical_smiles"": ""Cc1ccccc1"", ""mole_fraction"": 0.08420000000000002}]",-4.57940019086853,0.2527998091314707,0.2527998091314707,-4.5794001908685305,0.2527998091314698,0.2527998091314698,-8.881784197001252e-16,8.881784197001252e-16,False,False,2.6645352591003757e-15,0.0028341164087581916
From VLE - Ter Solv - no water!2925,From VLE - Ter Solv - no water,2925,2923,2923,,,11: Ethanol,"InChI=1S/C2H6O/c1-2-3/h3H,2H2,1H3",338.35,-2.147,-4.63578280582297,-2.297968628492926,-1.982757728178762,"[[""InChI=1S/C6H6/c1-2-4-6-5-3-1/h1-6H"", 0.0467], [""InChI=1S/C6H12/c1-6-4-2-3-5-6/h6H,2-5H2,1H3"", 0.2376], [""InChI=1S/C6H14/c1-3-5-6-4-2/h3-6H2,1-2H3"", 0.7157]]","[""31: Benzene"", ""55: Methylcyclopentane"", ""89: Hexane""]","{""solute_inchi"": ""A2925"", ""solute_name"": ""B2925"", ""solvent1_inchi"": ""C2925"", ""solvent1_name"": ""D2925"", ""solvent2_inchi"": ""E2925"", ""solvent2_name"": ""F2925"", ""solvent3_inchi"": ""G2925"", ""solvent3_name"": ""H2925"", ""frac_solvent1"": ""I2925"", ""frac_solvent2"": ""J2925"", ""temperature_kelvin"": ""K2925"", ""experimental_gsolv"": ""M2925""}",CCO,"[{""canonical_smiles"": ""CC1CCCC1"", ""mole_fraction"": 0.2376}, {""canonical_smiles"": ""CCCCCC"", ""mole_fraction"": 0.7157}, {""canonical_smiles"": ""c1ccccc1"", ""mole_fraction"": 0.0467}]",-2.024095946171248,0.1229040538287518,0.1229040538287518,-2.0240959461712484,0.12290405382875136,0.12290405382875136,-4.440892098500626e-16,4.440892098500626e-16,False,False,5.551115123125783e-15,-0.04133821799248594
From VLE - Ter Solv - no water!2959,From VLE - Ter Solv - no water,2959,2957,2957,,,21: Ethyl acetate,"InChI=1S/C4H8O2/c1-3-6-4(2)5/h3H2,1-2H3",323.15,-4.1433,-7.677541842766901,-4.204129351659389,-3.912882287169407,"[[""InChI=1S/C2H6O/c1-2-3/h3H,2H2,1H3"", 0.1288], [""InChI=1S/C3H8O/c1-2-3-4/h4H,2-3H2,1H3"", 0.3207], [""InChI=1S/C5H10O2/c1-3-4-7-5(2)6/h3-4H2,1-2H3"", 0.5505]]","[""11: Ethanol"", ""140: 1-Propanol"", ""238: Propyl acetate""]","{""solute_inchi"": ""A2959"", ""solute_name"": ""B2959"", ""solvent1_inchi"": ""C2959"", ""solvent1_name"": ""D2959"", ""solvent2_inchi"": ""E2959"", ""solvent2_name"": ""F2959"", ""solvent3_inchi"": ""G2959"", ""solvent3_name"": ""H2959"", ""frac_solvent1"": ""I2959"", ""frac_solvent2"": ""J2959"", ""temperature_kelvin"": ""K2959"", ""experimental_gsolv"": ""M2959""}",CCOC(C)=O,"[{""canonical_smiles"": ""CCCO"", ""mole_fraction"": 0.3207}, {""canonical_smiles"": ""CCCOC(C)=O"", ""mole_fraction"": 0.5505}, {""canonical_smiles"": ""CCO"", ""mole_fraction"": 0.1288}]",-3.8951024144014523,0.24819758559854765,0.24819758559854765,-3.8951024144014523,0.24819758559854765,0.24819758559854765,0.0,0.0,False,False,1.3322676295501878e-15,0.017779872767954785
From VLE - Ter Solv - no water!2993,From VLE - Ter Solv - no water,2993,2991,2991,,,238: Propyl acetate,"InChI=1S/C5H10O2/c1-3-4-7-5(2)6/h3-4H2,1-2H3",323.15,-4.7327,-8.244654498154617,-4.597883801108931,-4.292100579823865,"[[""InChI=1S/C2H6O/c1-2-3/h3H,2H2,1H3"", 0.2574], [""InChI=1S/C4H8O2/c1-3-6-4(2)5/h3H2,1-2H3"", 0.1487], [""InChI=1S/C3H8O/c1-2-3-4/h4H,2-3H2,1H3"", 0.5938999999999999]]","[""11: Ethanol"", ""21: Ethyl acetate"", ""140: 1-Propanol""]","{""solute_inchi"": ""A2993"", ""solute_name"": ""B2993"", ""solvent1_inchi"": ""C2993"", ""solvent1_name"": ""D2993"", ""solvent2_inchi"": ""E2993"", ""solvent2_name"": ""F2993"", ""solvent3_inchi"": ""G2993"", ""solvent3_name"": ""H2993"", ""frac_solvent1"": ""I2993"", ""frac_solvent2"": ""J2993"", ""temperature_kelvin"": ""K2993"", ""experimental_gsolv"": ""M2993""}",CCCOC(C)=O,"[{""canonical_smiles"": ""CCCO"", ""mole_fraction"": 0.5939}, {""canonical_smiles"": ""CCO"", ""mole_fraction"": 0.2574000000000001}, {""canonical_smiles"": ""CCOC(C)=O"", ""mole_fraction"": 0.14870000000000003}]",-4.27759888328605,0.4551011167139505,0.4551011167139505,-4.27759888328605,0.4551011167139505,0.4551011167139505,0.0,0.0,False,False,2.6645352591003757e-15,0.014501696537815079
From VLE - Ter Solv - no water!3027,From VLE - Ter Solv - no water,3027,3025,3025,,,238: Propyl acetate,"InChI=1S/C5H10O2/c1-3-4-7-5(2)6/h3-4H2,1-2H3",323.15,-4.7881,-9.064600527789436,-4.856775226019256,-4.503947345609211,"[[""InChI=1S/C2H6O/c1-2-3/h3H,2H2,1H3"", 0.0893], [""InChI=1S/C4H8O2/c1-3-6-4(2)5/h3H2,1-2H3"", 0.8919], [""InChI=1S/C3H8O/c1-2-3-4/h4H,2-3H2,1H3"", 0.018799999999999928]]","[""11: Ethanol"", ""21: Ethyl acetate"", ""140: 1-Propanol""]","{""solute_inchi"": ""A3027"", ""solute_name"": ""B3027"", ""solvent1_inchi"": ""C3027"", ""solvent1_name"": ""D3027"", ""solvent2_inchi"": ""E3027"", ""solvent2_name"": ""F3027"", ""solvent3_inchi"": ""G3027"", ""solvent3_name"": ""H3027"", ""frac_solvent1"": ""I3027"", ""frac_solvent2"": ""J3027"", ""temperature_kelvin"": ""K3027"", ""experimental_gsolv"": ""M3027""}",CCCOC(C)=O,"[{""canonical_smiles"": ""CCCO"", ""mole_fraction"": 0.018799999999999928}, {""canonical_smiles"": ""CCO"", ""mole_fraction"": 0.0893}, {""canonical_smiles"": ""CCOC(C)=O"", ""mole_fraction"": 0.8919}]",-4.532634616259311,0.25546538374068906,0.25546538374068906,-4.532634616259311,0.25546538374068906,0.25546538374068906,0.0,0.0,False,False,2.6645352591003757e-15,-0.02868727065010024
From VLE - Ter Solv - no water!3061,From VLE - Ter Solv - no water,3061,3059,3059,,,21: Ethyl acetate,"InChI=1S/C4H8O2/c1-3-6-4(2)5/h3H2,1-2H3",348.15,-3.9061,-7.456587228503722,-4.170517811625095,-3.619441270139495,"[[""InChI=1S/C2H6O/c1-2-3/h3H,2H2,1H3"", 0.2794], [""InChI=1S/C3H8O/c1-2-3-4/h4H,2-3H2,1H3"", 0.3373], [""InChI=1S/C5H10O2/c1-3-4-7-5(2)6/h3-4H2,1-2H3"", 0.38330000000000003]]","[""11: Ethanol"", ""140: 1-Propanol"", ""238: Propyl acetate""]","{""solute_inchi"": ""A3061"", ""solute_name"": ""B3061"", ""solvent1_inchi"": ""C3061"", ""solvent1_name"": ""D3061"", ""solvent2_inchi"": ""E3061"", ""solvent2_name"": ""F3061"", ""solvent3_inchi"": ""G3061"", ""solvent3_name"": ""H3061"", ""frac_solvent1"": ""I3061"", ""frac_solvent2"": ""J3061"", ""temperature_kelvin"": ""K3061"", ""experimental_gsolv"": ""M3061""}",CCOC(C)=O,"[{""canonical_smiles"": ""CCCO"", ""mole_fraction"": 0.3373}, {""canonical_smiles"": ""CCCOC(C)=O"", ""mole_fraction"": 0.38330000000000003}, {""canonical_smiles"": ""CCO"", ""mole_fraction"": 0.2794}]",-3.575646066150051,0.3304539338499488,0.3304539338499488,-3.575646066150051,0.3304539338499488,0.3304539338499488,0.0,0.0,False,False,1.7763568394002505e-15,0.04379520398944381
From VLE - Ter Solv - no water!3095,From VLE - Ter Solv - no water,3095,3093,3093,,,11: Ethanol,"InChI=1S/C2H6O/c1-2-3/h3H,2H2,1H3",348.15,-3.424,-8.325140792520944,-4.195932663619329,-3.503461067291707,"[[""InChI=1S/C4H8O2/c1-3-6-4(2)5/h3H2,1-2H3"", 0.0377], [""InChI=1S/C3H8O/c1-2-3-4/h4H,2-3H2,1H3"", 0.0771], [""InChI=1S/C5H10O2/c1-3-4-7-5(2)6/h3-4H2,1-2H3"", 0.8852]]","[""21: Ethyl acetate"", ""140: 1-Propanol"", ""238: Propyl acetate""]","{""solute_inchi"": ""A3095"", ""solute_name"": ""B3095"", ""solvent1_inchi"": ""C3095"", ""solvent1_name"": ""D3095"", ""solvent2_inchi"": ""E3095"", ""solvent2_name"": ""F3095"", ""solvent3_inchi"": ""G3095"", ""solvent3_name"": ""H3095"", ""frac_solvent1"": ""I3095"", ""frac_solvent2"": ""J3095"", ""temperature_kelvin"": ""K3095"", ""experimental_gsolv"": ""M3095""}",CCO,"[{""canonical_smiles"": ""CCCO"", ""mole_fraction"": 0.0771}, {""canonical_smiles"": ""CCCOC(C)=O"", ""mole_fraction"": 0.8852}, {""canonical_smiles"": ""CCOC(C)=O"", ""mole_fraction"": 0.0377}]",-3.5110234296809137,-0.08702342968091381,0.08702342968091381,-3.5110234296809137,-0.08702342968091381,0.08702342968091381,0.0,0.0,False,False,2.6645352591003757e-15,-0.0075623623892067116
From VLE - Ter Solv - no water!3129,From VLE - Ter Solv - no water,3129,3127,3127,,,238: Propyl acetate,"InChI=1S/C5H10O2/c1-3-4-7-5(2)6/h3-4H2,1-2H3",348.15,-4.2915,-8.035972007972351,-4.518515036104699,-3.928634611508413,"[[""InChI=1S/C2H6O/c1-2-3/h3H,2H2,1H3"", 0.0625], [""InChI=1S/C4H8O2/c1-3-6-4(2)5/h3H2,1-2H3"", 0.037], [""InChI=1S/C3H8O/c1-2-3-4/h4H,2-3H2,1H3"", 0.9005]]","[""11: Ethanol"", ""21: Ethyl acetate"", ""140: 1-Propanol""]","{""solute_inchi"": ""A3129"", ""solute_name"": ""B3129"", ""solvent1_inchi"": ""C3129"", ""solvent1_name"": ""D3129"", ""solvent2_inchi"": ""E3129"", ""solvent2_name"": ""F3129"", ""solvent3_inchi"": ""G3129"", ""solvent3_name"": ""H3129"", ""frac_solvent1"": ""I3129"", ""frac_solvent2"": ""J3129"", ""temperature_kelvin"": ""K3129"", ""experimental_gsolv"": ""M3129""}",CCCOC(C)=O,"[{""canonical_smiles"": ""CCCO"", ""mole_fraction"": 0.9005}, {""canonical_smiles"": ""CCO"", ""mole_fraction"": 0.0625}, {""canonical_smiles"": ""CCOC(C)=O"", ""mole_fraction"": 0.037}]",-3.8695212634600233,0.42197873653997675,0.42197873653997675,-3.8695212634600233,0.42197873653997675,0.42197873653997675,0.0,0.0,False,False,1.3322676295501878e-15,0.059113348048389636
From VLE - Ter Solv - no water!3163,From VLE - Ter Solv - no water,3163,3161,3161,,,238: Propyl acetate,"InChI=1S/C5H10O2/c1-3-4-7-5(2)6/h3-4H2,1-2H3",348.15,-4.474,-9.051683095923275,-4.850404115676371,-4.145846178355073,"[[""InChI=1S/C2H6O/c1-2-3/h3H,2H2,1H3"", 0.0236], [""InChI=1S/C4H8O2/c1-3-6-4(2)5/h3H2,1-2H3"", 0.8799], [""InChI=1S/C3H8O/c1-2-3-4/h4H,2-3H2,1H3"", 0.09650000000000003]]","[""11: Ethanol"", ""21: Ethyl acetate"", ""140: 1-Propanol""]","{""solute_inchi"": ""A3163"", ""solute_name"": ""B3163"", ""solvent1_inchi"": ""C3163"", ""solvent1_name"": ""D3163"", ""solvent2_inchi"": ""E3163"", ""solvent2_name"": ""F3163"", ""solvent3_inchi"": ""G3163"", ""solvent3_name"": ""H3163"", ""frac_solvent1"": ""I3163"", ""frac_solvent2"": ""J3163"", ""temperature_kelvin"": ""K3163"", ""experimental_gsolv"": ""M3163""}",CCCOC(C)=O,"[{""canonical_smiles"": ""CCCO"", ""mole_fraction"": 0.09650000000000003}, {""canonical_smiles"": ""CCO"", ""mole_fraction"": 0.0236}, {""canonical_smiles"": ""CCOC(C)=O"", ""mole_fraction"": 0.8799}]",-4.1792027319247795,0.29479726807522066,0.29479726807522066,-4.17920273192478,0.2947972680752198,0.2947972680752198,-8.881784197001252e-16,8.881784197001252e-16,False,False,2.6645352591003757e-15,-0.033356553569706904
From VLE - Ter Solv - no water!3197,From VLE - Ter Solv - no water,3197,3195,3195,,,238: Propyl acetate,"InChI=1S/C5H10O2/c1-3-4-7-5(2)6/h3-4H2,1-2H3",348.15,-4.4831,-8.916586099744485,-4.805763602529772,-4.116375291744141,"[[""InChI=1S/C2H6O/c1-2-3/h3H,2H2,1H3"", 0.1104], [""InChI=1S/C4H8O2/c1-3-6-4(2)5/h3H2,1-2H3"", 0.7078], [""InChI=1S/C3H8O/c1-2-3-4/h4H,2-3H2,1H3"", 0.18179999999999996]]","[""11: Ethanol"", ""21: Ethyl acetate"", ""140: 1-Propanol""]","{""solute_inchi"": ""A3197"", ""solute_name"": ""B3197"", ""solvent1_inchi"": ""C3197"", ""solvent1_name"": ""D3197"", ""solvent2_inchi"": ""E3197"", ""solvent2_name"": ""F3197"", ""solvent3_inchi"": ""G3197"", ""solvent3_name"": ""H3197"", ""frac_solvent1"": ""I3197"", ""frac_solvent2"": ""J3197"", ""temperature_kelvin"": ""K3197"", ""experimental_gsolv"": ""M3197""}",CCCOC(C)=O,"[{""canonical_smiles"": ""CCCO"", ""mole_fraction"": 0.18179999999999996}, {""canonical_smiles"": ""CCO"", ""mole_fraction"": 0.1104}, {""canonical_smiles"": ""CCOC(C)=O"", ""mole_fraction"": 0.7078}]",-4.168027874392666,0.3150721256073341,0.3150721256073341,-4.168027874392666,0.3150721256073341,0.3150721256073341,0.0,0.0,False,False,2.6645352591003757e-15,-0.05165258264852479
From VLE - Ter Solv - no water!3231,From VLE - Ter Solv - no water,3231,3229,3229,,,11: Ethanol,"InChI=1S/C2H6O/c1-2-3/h3H,2H2,1H3",348.15,-3.7703,-9.089493158846343,-4.559007552060643,-3.799241392948501,"[[""InChI=1S/C4H8O2/c1-3-6-4(2)5/h3H2,1-2H3"", 0.2523], [""InChI=1S/C3H8O/c1-2-3-4/h4H,2-3H2,1H3"", 0.3228], [""InChI=1S/C5H10O2/c1-3-4-7-5(2)6/h3-4H2,1-2H3"", 0.42490000000000006]]","[""21: Ethyl acetate"", ""140: 1-Propanol"", ""238: Propyl acetate""]","{""solute_inchi"": ""A3231"", ""solute_name"": ""B3231"", ""solvent1_inchi"": ""C3231"", ""solvent1_name"": ""D3231"", ""solvent2_inchi"": ""E3231"", ""solvent2_name"": ""F3231"", ""solvent3_inchi"": ""G3231"", ""solvent3_name"": ""H3231"", ""frac_solvent1"": ""I3231"", ""frac_solvent2"": ""J3231"", ""temperature_kelvin"": ""K3231"", ""experimental_gsolv"": ""M3231""}",CCO,"[{""canonical_smiles"": ""CCCO"", ""mole_fraction"": 0.3228}, {""canonical_smiles"": ""CCCOC(C)=O"", ""mole_fraction"": 0.42490000000000006}, {""canonical_smiles"": ""CCOC(C)=O"", ""mole_fraction"": 0.2523}]",-3.8073483074926644,-0.03704830749266419,0.03704830749266419,-3.8073483074926644,-0.03704830749266419,0.03704830749266419,0.0,0.0,False,False,1.7763568394002505e-15,-0.008106914544163235
From VLE - Ter Solv - no water!3265,From VLE - Ter Solv - no water,3265,3263,3263,,,95: 2-Propanol,"InChI=1S/C3H8O/c1-3(2)4/h3-4H,1-2H3",339.85,-4.2087,-9.710757769826111,-4.872113649879364,-4.195368857654714,"[[""InChI=1S/C3H6O2/c1-3(4)5-2/h1-2H3"", 0.2642], [""InChI=1S/CH4O/c1-2/h2H,1H3"", 0.2483], [""InChI=1S/C5H10O2/c1-4(2)7-5(3)6/h4H,1-3H3"", 0.48750000000000004]]","[""82: Methyl acetate"", ""110: Methanol"", ""380: Acetic acid isopropyl ester""]","{""solute_inchi"": ""A3265"", ""solute_name"": ""B3265"", ""solvent1_inchi"": ""C3265"", ""solvent1_name"": ""D3265"", ""solvent2_inchi"": ""E3265"", ""solvent2_name"": ""F3265"", ""solvent3_inchi"": ""G3265"", ""solvent3_name"": ""H3265"", ""frac_solvent1"": ""I3265"", ""frac_solvent2"": ""J3265"", ""temperature_kelvin"": ""K3265"", ""experimental_gsolv"": ""M3265""}",CC(C)O,"[{""canonical_smiles"": ""CC(=O)OC(C)C"", ""mole_fraction"": 0.48750000000000004}, {""canonical_smiles"": ""CO"", ""mole_fraction"": 0.2483}, {""canonical_smiles"": ""COC(C)=O"", ""mole_fraction"": 0.2642}]",-4.21702406296657,-0.008324062966569734,0.008324062966569734,-4.21702406296657,-0.008324062966569734,0.008324062966569734,0.0,0.0,False,False,4.440892098500626e-15,-0.021655205311856385
From VLE - Ter Solv - no water!3299,From VLE - Ter Solv - no water,3299,3297,3297,,,22: 2-Butanol,"InChI=1S/C4H10O/c1-3-4(2)5/h4-5H,3H2,1-2H3",340.95,-3.4192,-10.74587431097319,-5.523998589076395,-4.774388389857268,"[[""InChI=1S/C3H6O2/c1-3(4)5-2/h1-2H3"", 0.4039], [""InChI=1S/CH4O/c1-2/h2H,1H3"", 0.3482], [""InChI=1S/C6H12O2/c1-4-5(2)8-6(3)7/h5H,4H2,1-3H3"", 0.24790000000000006]]","[""82: Methyl acetate"", ""110: Methanol"", ""1367: sec-Butyl acetate""]","{""solute_inchi"": ""A3299"", ""solute_name"": ""B3299"", ""solvent1_inchi"": ""C3299"", ""solvent1_name"": ""D3299"", ""solvent2_inchi"": ""E3299"", ""solvent2_name"": ""F3299"", ""solvent3_inchi"": ""G3299"", ""solvent3_name"": ""H3299"", ""frac_solvent1"": ""I3299"", ""frac_solvent2"": ""J3299"", ""temperature_kelvin"": ""K3299"", ""experimental_gsolv"": ""M3299""}",CCC(C)O,"[{""canonical_smiles"": ""CCC(C)OC(C)=O"", ""mole_fraction"": 0.24790000000000006}, {""canonical_smiles"": ""CO"", ""mole_fraction"": 0.3482}, {""canonical_smiles"": ""COC(C)=O"", ""mole_fraction"": 0.4039}]",-4.845883398055653,-1.426683398055653,1.426683398055653,-4.845883398055652,-1.4266833980556521,1.4266833980556521,8.881784197001252e-16,8.881784197001252e-16,False,False,2.6645352591003757e-15,-0.07149500819838472
From VLE - Ter Solv - no water!3333,From VLE - Ter Solv - no water,3333,3331,3331,,,600: 1-Heptene,"InChI=1S/C7H14/c1-3-5-7-6-4-2/h3H,1,4-7H2,2H3",288.15,-4.7698,-8.262491071254123,-4.664059216073884,-4.784751211887408,"[[""InChI=1S/C7H14/c1-7-5-3-2-4-6-7/h7H,2-6H2,1H3"", 0.1213], [""InChI=1S/C8H18/c1-7(2)6-8(3,4)5/h7H,6H2,1-5H3"", 0.4422], [""InChI=1S/C7H8/c1-7-5-3-2-4-6-7/h2-6H,1H3"", 0.43650000000000005]]","[""53: Methylcyclohexane"", ""97: 2,2,4-Trimethylpentane"", ""161: Toluene""]","{""solute_inchi"": ""A3333"", ""solute_name"": ""B3333"", ""solvent1_inchi"": ""C3333"", ""solvent1_name"": ""D3333"", ""solvent2_inchi"": ""E3333"", ""solvent2_name"": ""F3333"", ""solvent3_inchi"": ""G3333"", ""solvent3_name"": ""H3333"", ""frac_solvent1"": ""I3333"", ""frac_solvent2"": ""J3333"", ""temperature_kelvin"": ""K3333"", ""experimental_gsolv"": ""M3333""}",C=CCCCCC,"[{""canonical_smiles"": ""CC(C)CC(C)(C)C"", ""mole_fraction"": 0.4422}, {""canonical_smiles"": ""CC1CCCCC1"", ""mole_fraction"": 0.1213}, {""canonical_smiles"": ""Cc1ccccc1"", ""mole_fraction"": 0.43650000000000005}]",-4.729142744574269,0.04065725542573073,0.04065725542573073,-4.729142744574268,0.04065725542573162,0.04065725542573162,8.881784197001252e-16,8.881784197001252e-16,True,False,1.7763568394002505e-15,0.05560846731313873
From VLE - Ter Solv - no water!3367,From VLE - Ter Solv - no water,3367,3365,3365,,,53: Methylcyclohexane,"InChI=1S/C7H14/c1-7-5-3-2-4-6-7/h7H,2-6H2,1H3",333.15,-4.3362,-8.150033367249888,-4.760596091328674,-4.362708099857124,"[[""InChI=1S/C7H16/c1-3-5-7-6-4-2/h3-7H2,1-2H3"", 0.1532], [""InChI=1S/C8H18/c1-7(2)6-8(3,4)5/h7H,6H2,1-5H3"", 0.3829], [""InChI=1S/C7H8/c1-7-5-3-2-4-6-7/h2-6H,1H3"", 0.4639]]","[""91: Heptane"", ""97: 2,2,4-Trimethylpentane"", ""161: Toluene""]","{""solute_inchi"": ""A3367"", ""solute_name"": ""B3367"", ""solvent1_inchi"": ""C3367"", ""solvent1_name"": ""D3367"", ""solvent2_inchi"": ""E3367"", ""solvent2_name"": ""F3367"", ""solvent3_inchi"": ""G3367"", ""solvent3_name"": ""H3367"", ""frac_solvent1"": ""I3367"", ""frac_solvent2"": ""J3367"", ""temperature_kelvin"": ""K3367"", ""experimental_gsolv"": ""M3367""}",CC1CCCCC1,"[{""canonical_smiles"": ""CC(C)CC(C)(C)C"", ""mole_fraction"": 0.3829}, {""canonical_smiles"": ""CCCCCCC"", ""mole_fraction"": 0.1532}, {""canonical_smiles"": ""Cc1ccccc1"", ""mole_fraction"": 0.4639}]",-4.315795077633673,0.020404922366326517,0.020404922366326517,-4.315795077633674,0.02040492236632563,0.02040492236632563,-8.881784197001252e-16,8.881784197001252e-16,False,False,2.6645352591003757e-15,0.04691302222345062
